,ID,Chemical,Disease
0,227508,D008750,D007022
1,354896,D008012,D006323
2,435349,D013390,D005207
3,603022,D012601,D062787
4,1378968,D008094,D006973
5,1378968,D008094,D011507
6,1378968,D008094,D007676
7,1420741,D005672,D009325
8,1601297,D003042,D009203
9,1601297,D003042,D002037
10,1967484,D013469,D004421
11,2234245,D003676,D012164
12,2234245,D003676,D014786
13,2234245,D003676,D006319
14,2385256,D008274,D009157
15,2505783,C004656,D003556
16,2505783,C004656,D006470
17,2515254,D005996,D008881
18,2572625,C084599,D056486
19,2632720,D007654,D006973
20,2670794,D014148,D004211
21,2696505,D009599,D007022
22,2696505,D009599,D016534
23,2696505,D007741,D007022
24,2924746,D005481,D012640
25,2951327,D005996,D007022
26,2951327,D006830,D007022
27,3192036,D005047,D011655
28,3192036,D008727,D011655
29,3192036,D003520,D011655
30,3409645,D008727,D007172
31,3412544,D010615,D007681
32,3412544,D010615,D001749
33,3412544,D010615,D007680
34,3425586,D003622,D000743
35,3437726,D004110,D007022
36,3437726,D004110,D018754
37,3437726,D008790,D018754
38,3437726,D008790,D007022
39,3437726,D004110,D054537
40,3437726,D008790,D054537
41,3693336,D014229,D001714
42,3780846,D006220,D009127
43,3780846,D009020,D009127
44,3780846,D009020,D006948
45,3780846,D009020,D018476
46,3800626,D010423,D005355
47,3800626,D010423,D009135
48,3800626,D010423,D020425
49,3800626,D010423,D009408
50,3827439,D000666,D058186
51,3997294,D000638,D010490
52,3997294,D000638,D009468
53,3997294,D000638,D010996
54,3997294,D000638,D011014
55,4071154,D007213,D006947
56,4071154,D007213,D009846
57,4071154,D007213,D058186
58,4071154,D007213,D005355
59,4071154,D007213,D001201
60,4071154,D007213,D011660
61,6103707,D005445,D004244
62,6103707,D005445,D010146
63,6229975,D013999,D006332
64,6286738,D002762,D006934
65,6286738,D002762,D054559
66,6287825,D012256,D010523
67,6287825,D013831,D010523
68,6287825,D007538,D010523
69,6386793,D000639,D014786
70,6386793,D000639,D014987
71,6387529,D011433,D008569
72,6387529,D003975,D008569
73,6692345,D005200,D001749
74,6692345,D005200,D013274
75,6773726,D005996,D007022
76,6888657,D004054,D010911
77,7265370,D014223,D053040
78,7423039,D004317,D066126
79,7444978,D013307,D004409
80,7444978,D013307,D003638
81,7834920,D012293,D005921
82,7834920,D012293,D051437
83,7881871,D011692,D007674
84,7881871,D011692,D011507
85,7930386,D002997,D012893
86,7988234,D008790,D000799
87,7988234,D017706,D000799
88,8073369,D009538,D001176
89,8073369,C007112,D001176
90,8073369,D009538,D002543
91,8302922,D014294,D007022
92,8302922,D000527,D007022
93,8410052,D010862,D013226
94,8410052,D010862,D002544
95,8410052,D010862,D001480
96,8423889,D005473,D009069
97,8682684,D000082,D007022
98,9625142,D002443,D000744
99,9625142,D002443,D056486
100,9766615,D003024,D000380
101,10193204,D004837,D013927
102,10526274,C056507,D013921
103,10526274,C030852,D013921
104,10526274,C056507,D020258
105,10526274,C030852,D009503
106,10526274,C056507,D009503
107,10526274,C030852,D020258
108,10669626,D014859,D061205
109,11379838,D000928,D001714
110,11379838,D017367,D001714
111,11419773,D002110,D014693
112,11581460,D005283,D012131
113,11581460,D005283,D007022
114,11581460,D005283,D001745
115,11581460,D005283,D001919
116,11581460,D005283,D016055
117,11706060,D019469,D009202
118,11706060,D019259,D009202
119,11706060,D015215,D009202
120,11752354,D003276,D009203
121,12369736,D003042,D009069
122,12369736,C065046,D009069
123,12639165,D013988,D007565
124,12639165,D013988,D002779
125,12639165,D013988,D056486
126,12653683,D011692,D011507
127,12653683,D011692,D009404
128,14659530,D005996,D020326
129,14659530,D009569,D020326
130,15804801,D017239,D003323
131,16160878,D001058,D010409
132,16274958,D017255,D055154
133,16330766,D002211,D006930
134,16574712,D018817,D003072
135,17111419,C102006,D006996
136,17175308,D020123,D011507
137,17244258,D003520,D003556
138,18020536,D001569,D005221
139,18020536,D001569,D003866
140,18020536,D001569,D007319
141,18020536,D001569,D004244
142,18023325,D004221,D010292
143,18023325,D004221,D011782
144,18023325,D004221,D010146
145,18023325,D004221,D010523
146,18023325,D004221,D001259
147,18023325,D004221,D014826
148,18208574,D006493,D013927
149,18208574,D006493,D013921
150,18343374,D002996,D012170
151,18343374,D002996,D014786
152,18417364,D009538,D009759
153,18442015,D004872,D006471
154,18442015,D004872,D050197
155,18442015,D002784,D006471
156,18442015,D002784,D014456
157,18442015,D002784,D050197
158,18442015,D004872,D014456
159,18619688,D004317,D006333
160,19308880,D014635,D003221
161,19631624,D018817,D008569
162,19631624,D018817,D007859
163,20003049,C031942,D016063
164,20003049,C031942,D019106
165,20196116,D000995,D017114
166,20470218,D008727,D002493
167,20722491,C110904,D060831
168,20722491,C110904,D013280
169,20722491,C110904,D014839
170,20722491,C110904,D003967
171,20722491,C110904,D009325
172,20882060,D006220,D002375
173,26094,D008750,D003866
174,322550,D009599,D007022
175,869641,D009638,D001919
176,1749407,D003042,D009203
177,1786266,D007099,D001480
178,1835291,D013806,D002318
179,1835291,D013806,D005767
180,1919871,D000082,D007681
181,1919871,D001241,D007681
182,1987816,D008094,D011141
183,2054792,D004317,D006331
184,2304736,D011224,D014550
185,2312209,D007548,D009203
186,2549018,D005473,D017109
187,2611118,D004008,D056486
188,2673163,D003042,D002543
189,2673163,D003042,D013345
190,2673163,D003042,D002544
191,3107448,D005905,D056486
192,3341566,D009599,D007022
193,3564823,D013874,D013035
194,3676049,D007530,D007022
195,3719553,D005472,D000799
196,4008111,D000638,D012848
197,6133211,D012460,D003025
198,6133211,D012460,D001017
199,6133211,D012460,D006345
200,6133211,D012460,D007690
201,6503301,D003606,D006504
202,6727060,D008787,D004409
203,7083920,D000638,D006327
204,7269015,D002066,D003556
205,7269015,D002066,D006470
206,7352670,D009599,D007022
207,7352670,D006221,D007022
208,7504976,D002231,D056486
209,7504976,D002231,D002779
210,7628595,D015215,D001855
211,7858459,D002955,D003221
212,7858459,D005472,D003128
213,7858459,D005472,D003221
214,7858459,D002955,D003128
215,7862923,D006220,D001480
216,7862923,D002746,D001480
217,7862923,D003024,D001480
218,7862923,C036006,D001480
219,7919560,D000667,D004892
220,7919560,D000667,D004342
221,7919560,D000667,D009205
222,8092427,D000658,D000707
223,8092427,D000658,D004342
224,8092427,D000658,D000799
225,8638206,D001279,D010243
226,8638206,D014673,D010243
227,8669433,D010615,D007676
228,8690168,D013311,D003928
229,8739323,D003520,D006470
230,8739323,D003520,D003556
231,8752018,D008094,D003072
232,9390208,C085788,D006331
233,9390208,C085788,D007970
234,9406968,D018021,D011141
235,9587734,D013390,D004342
236,9587734,D013390,D006323
237,9587734,D013390,D006947
238,9587734,D013390,D001919
239,9698967,D004837,D001281
240,9698967,D008619,D001281
241,9698967,D008619,D006973
242,9698967,D004837,D006973
243,9855119,D016559,D005923
244,9869257,C098725,D000647
245,9869257,D012601,D000647
246,10342929,D000806,D000799
247,10457883,D001279,D012131
248,10457883,D001279,D001919
249,10457883,D001279,D001049
250,10739826,D003276,D054556
251,10791295,D001058,D010554
252,11147747,D016651,D014549
253,11147747,D020280,D014549
254,11147747,D018490,D014549
255,11147747,D017374,D014549
256,11147747,C047426,D014549
257,11198499,C023754,D007022
258,11198499,D017706,D007022
259,11391224,D003042,D058186
260,11426838,D003042,D012640
261,11569530,D016593,D016171
262,11569530,D020117,D016171
263,11569530,C010637,D016171
264,11587867,D014750,D020258
265,11587867,D014750,D009410
266,11587867,D014750,D003711
267,11679859,D011346,D017109
268,12041669,D010396,D000741
269,12198388,D009388,D012640
270,12198388,D009538,D012640
271,12198388,D002217,D012640
272,12574103,D003907,D007674
273,12574103,D003907,D006973
274,12615818,D017373,D054556
275,12615818,D004997,D054556
276,12789195,D008914,D000172
277,12820454,D016729,D000740
278,12820454,D005485,D000740
279,14657095,D000666,D006333
280,14657095,D000666,D002311
281,14765563,D011803,D003221
282,14765563,D011803,D003128
283,14765563,D011803,D012640
284,15036754,D007531,D012640
285,15145918,C032302,D007022
286,15145918,D008750,D007022
287,15233872,D007545,D009203
288,15458908,D020849,D054556
289,15737522,D002443,D001660
290,16005948,D003042,D012640
291,16167916,D020849,D054556
292,16403073,D007654,D016171
293,16403073,D007654,D008133
294,16755009,D003975,D000647
295,16755009,D012601,D000647
296,16904497,C030262,D011128
297,16904497,D002045,D011128
298,16938416,D013739,D050197
299,17147461,D020123,D007674
300,17147461,D020123,D011507
301,17241784,D019821,D009336
302,17241784,D019821,D009135
303,17261653,D003000,D001919
304,17343925,D012906,D034381
305,17400887,D013726,D001321
306,17612891,D003024,D009205
307,17612891,D000928,D009205
308,18081909,C026098,D008569
309,18081909,D014635,D008569
310,18081909,D014635,D001927
311,18081909,C026098,D001927
312,18081909,C026098,D004830
313,18081909,D014635,D004830
314,18083142,D003042,D001008
315,18182964,D003000,D001919
316,18217897,D013792,D013923
317,18996674,D003042,D011317
318,19058010,D007545,D009203
319,19581773,D012254,D009157
320,19581773,C417083,D001763
321,19581773,D012254,D001763
322,19581773,C417083,D015835
323,19581773,C417083,D009157
324,19581773,D012254,D015835
325,19759529,C094645,D002375
326,19759529,D006220,D002375
327,19759529,C076029,D002375
328,19759529,D016291,D006948
329,19759529,D000661,D006948
330,19759529,D003024,D002375
331,19957053,D005283,D007022
332,19957053,D005283,D002303
333,19957053,D015742,D007022
334,19957053,D015742,D002303
335,19957053,D010656,D002534
336,20619828,D002997,D008569
337,20619828,D002997,D001008
338,20619828,D002997,D060845
339,891050,D003276,D006463
340,983936,D004837,D009202
341,1428568,D013999,D003866
342,1720453,D007069,D005198
343,1720453,D007069,D007674
344,1833784,D009538,D006948
345,1867351,D015767,D012893
346,1867351,D015767,D011605
347,1867351,D015767,D001008
348,1867351,D015767,D012640
349,2070391,D008012,D010146
350,2266990,D008454,D012817
351,2266990,D008454,D014987
352,2266990,D008454,D001068
353,2348231,D004176,D006940
354,2348231,D010431,D007383
355,2355241,D007980,D007022
356,2445283,D012254,D000740
357,2950248,D004176,D000787
358,3015567,D009599,D007022
359,3031535,D006220,D002375
360,3031535,D013759,D002375
361,3125768,D015760,D009127
362,3187073,D002945,D002318
363,3187073,D005472,D014693
364,3187073,D005472,D002637
365,3187073,D005472,D001281
366,3187073,D002945,D001281
367,3187073,D005472,D002318
368,3187073,D002945,D014693
369,3187073,D002945,D002637
370,3371379,D014700,D020258
371,3371379,D002220,D020258
372,3503576,D003676,D006316
373,3503576,D003676,D014786
374,3560095,D005480,D006261
375,3560095,D005480,D006471
376,3560095,D005480,D015746
377,3714122,C005238,D013118
378,3828020,D010665,D001523
379,3828020,D010665,D012640
380,3828020,D010665,D002544
381,3828020,D010665,D002543
382,4812392,D001379,D005355
383,4812392,D001379,D002779
384,6518066,D008094,D004437
385,6534871,D007545,D009203
386,6538499,D004317,D009202
387,6747681,D002330,D031300
388,6861444,D009638,D006973
389,7053303,D002927,D003704
390,7088431,D004054,D014625
391,7088431,D004054,D018262
392,7248170,D010634,D008103
393,7248170,D002251,D008103
394,7248170,D010634,D006529
395,7453952,D008094,D003919
396,7802851,D000525,D001259
397,7802851,D000525,D008569
398,7802851,D000525,D004775
399,7802851,D000525,D003866
400,7802851,D000525,D015431
401,8319760,D011692,D006937
402,8319760,D011692,D011507
403,8319760,D011692,D009404
404,8319760,D011692,D034141
405,8386779,D010646,D004414
406,8386779,D000527,D004414
407,8421099,D015282,D041881
408,8421099,D015282,D042882
409,8649546,D007980,D004409
410,8919272,D014635,D001927
411,9199746,D000583,D007511
412,9199746,D000583,D012164
413,9249847,D014700,D013611
414,9284778,C072959,D008107
415,9284778,C067411,D008107
416,9522143,D011318,D034381
417,9522143,D002045,D034381
418,9522152,D002045,D012678
419,9672936,D008614,D012640
420,9721172,D007052,D013262
421,9721172,D007052,D002779
422,9727773,D005277,D006976
423,9727773,D001067,D006976
424,9754849,D008691,D002819
425,9754849,D003042,D006948
426,9754849,D003042,D002819
427,10365197,D003042,D019964
428,10704919,D013629,D006461
429,10704919,D013629,D000743
430,10706004,D009569,D006973
431,10721819,D007545,D001919
432,10721819,D004294,D001919
433,10721819,D001971,D007022
434,10721819,D007545,D006332
435,10721819,D001971,D013610
436,10737864,D003000,D001919
437,10743446,D002211,D006930
438,10743446,D002211,D010146
439,11007689,D016572,D057049
440,11007689,D016559,D057049
441,11256525,D019808,D001002
442,11334364,D000638,D009336
443,11334364,D004317,D009336
444,11334364,D000082,D009336
445,11334364,D000082,D007674
446,11334364,D000638,D008171
447,11334364,D004317,D066126
448,11642480,D015283,D004409
449,12063090,D009020,D003248
450,12084448,D007069,D009207
451,12084448,D007069,D001927
452,12684739,D020888,D005128
453,12716030,D006493,D006406
454,12757899,D008094,D013226
455,12757899,D008094,D001930
456,12757899,D010862,D013226
457,12757899,D010862,D001930
458,12905102,D003024,D003693
459,14513889,D007654,D004401
460,14513889,D007654,D018908
461,14513889,D007654,D014202
462,14513889,D007654,D010243
463,15009014,D002211,D002561
464,15009014,D002211,D006940
465,15120741,D010862,D013226
466,15120741,D010862,D012640
467,15275829,D009538,D012640
468,15602202,D017963,D009395
469,16181582,D014635,D001927
470,16298782,D005839,D034381
471,16428221,D008774,D020293
472,16858720,D014859,D002543
473,17466854,D005839,D006261
474,17466854,D008775,D020250
475,17466854,D008775,D006261
476,17466854,D005839,D020250
477,17562951,C044834,D007674
478,17562951,D003287,D007674
479,17562951,D007479,D007674
480,17600377,D012601,D003072
481,17639754,D014859,D006470
482,17639754,D064704,D006470
483,17854040,D006514,D006509
484,18221780,D002211,D006930
485,18261172,D020123,D011507
486,18329269,D006220,D002375
487,18410508,D008694,D009422
488,18410508,D015632,D009422
489,18503483,D016559,D020968
490,18560792,D010479,D001022
491,18560792,D010479,D008944
492,18726058,D010208,D000160
493,18726058,D010208,D006319
494,18754075,D019386,D058186
495,18754075,D019386,D011507
496,18768591,D004317,D001201
497,18768591,D004317,D006949
498,18768591,D004317,D011507
499,18768591,D004317,D009404
500,18768591,D004317,D034141
501,19299179,D015662,D002780
502,19356053,D020123,D011507
503,19729346,D010098,D008569
504,19729346,D010098,D003072
505,20080983,D003042,D012893
506,20520283,D006220,D001480
507,20520283,C522667,D001480
508,20588063,D011692,D011507
509,20588063,D011692,D009401
510,19820426,C558899,D002311
511,19820426,C558899,D006327
512,19820426,C558899,D001919
513,1616457,D010424,D000647
514,567256,D004054,D008113
515,567256,D004054,D006394
516,17439425,D003907,D015431
517,17439425,D003907,D006973
518,9351491,D018967,D010302
519,9351491,D006220,D010302
520,18752389,C492458,D056486
521,18752389,C492458,D017114
522,20098969,D008694,D003731
523,9653867,D013974,D013971
524,17608141,D008694,D005334
525,2559236,D004317,D000419
526,2559236,D004317,D009401
527,21029050,D013390,D001049
528,10901305,D007649,D009325
529,10901305,D007649,D014839
530,10901305,D007649,D001259
531,19037603,D006514,D006509
532,20084309,D008874,D000860
533,8231633,D002045,D012640
534,10091617,D012642,D007024
535,19269743,D002211,D010146
536,3070035,D002216,D058186
537,1147734,D011441,D006521
538,12202650,D002211,D010146
539,18951540,D007980,D004409
540,19657887,D000431,D007022
541,19657887,D000431,D005483
542,19657887,D003484,D007022
543,19657887,D000431,D004417
544,19657887,D003484,D013610
545,19657887,D003484,D004417
546,19657887,D000431,D013610
547,19657887,D003484,D005483
548,9660111,D003913,D006948
549,9660111,D012110,D007035
550,9660111,D014299,D006948
551,9660111,D019257,D006948
552,11431197,D011899,D009395
553,7449470,D004317,D009202
554,8170551,D000086,D007669
555,2476560,D001556,D000741
556,2476560,D001556,D002493
557,19803309,D013390,D014313
558,18821488,C068820,D007674
559,18821488,C068820,D056486
560,18821488,C068820,D006456
561,18821488,C068820,D009212
562,8372922,D005665,D034381
563,8372922,D007612,D034381
564,9195768,D018170,D010292
565,15338796,D000420,D014202
566,12627929,D013792,D054556
567,12627929,C067311,D054556
568,6634932,D010042,D017180
569,18791946,D002939,D011693
570,18791946,D002939,D007565
571,18791946,D002939,D013921
572,18791946,D002939,D000743
573,18791946,D002939,D015746
574,17344566,D019821,D003161
575,9293063,D003613,D001650
576,9293063,D003613,D006222
577,1728522,D019980,D056486
578,1728522,D019980,D006099
579,1728522,D019980,D002779
580,10807237,D003042,D017542
581,12536034,D020888,D004832
582,12536034,D002220,D004832
583,7234705,D011342,D017180
584,8955532,D010656,D006973
585,2578334,D015073,D011230
586,2578334,D001564,D011230
587,2578334,D002251,D011230
588,2578334,D001374,D011230
589,2578334,D019813,D011230
590,2578334,D008770,D011230
591,11532387,D018967,D001480
592,11532387,D018967,D013375
593,3173179,D014700,D009203
594,3856631,D008727,D010291
595,3856631,D008727,D009503
596,3856631,D008727,D012640
597,3856631,D008727,D052016
598,2522601,D002220,D051437
599,2522601,D002220,D003873
600,2522601,D002220,D007955
601,2522601,D002220,D004342
602,2522601,D002220,D007010
603,8741744,D009538,D006948
604,17491223,D004280,D017202
605,18004067,D000082,D056486
606,18004067,D000082,D017093
607,12443032,D003042,D002637
608,17615423,D000638,D058186
609,17615423,C413408,D058186
610,17615423,D019821,D012206
611,17615423,D019821,D058186
612,17615423,D000638,D012206
613,17615423,C413408,D012206
614,8558192,C030852,D000380
615,8558192,C030852,D010523
616,11135224,D002945,D009503
617,11135224,D017239,D013921
618,11135224,C056507,D009503
619,11135224,D017239,D009503
620,11135224,C056507,D013921
621,11135224,D002945,D013921
622,8590259,C016986,D015814
623,8590259,C016986,D015878
624,8590259,C016986,D004774
625,8590259,C016986,D003316
626,8590259,C016986,D003229
627,2096243,C017367,D056784
628,2096243,C017367,D019965
629,6209318,D008801,D014202
630,6209318,D008801,D012817
631,3615541,D000661,D006948
632,8953972,D004837,D013345
633,8953972,D004837,D006323
634,3782049,D008972,D012206
635,3782049,D008972,D058186
636,9100294,D014700,D018376
637,9100294,D009543,D018376
638,9100294,D020748,D018376
639,19889778,D006514,D006509
640,19889778,D006513,D006509
641,15278670,D008012,D012640
642,17042910,D003907,D006973
643,11897407,D007545,D009203
644,9812111,D006220,D001480
645,15572383,D004317,D011507
646,7420681,D005839,D051437
647,7420681,D014031,D051437
648,12907309,D008694,D005334
649,16680561,D003891,D009325
650,16680561,C476217,D006261
651,16680561,D003891,D006261
652,16680561,C476217,D009325
653,17532790,D007980,D004409
654,7582165,D010248,D014581
655,7582165,D003907,D003231
656,7582165,D003907,D014581
657,7582165,D010248,D003231
658,16787750,D014635,D001855
659,16787750,D014635,D010195
660,16787750,D014635,D001927
661,16787750,D014635,D056486
662,16787750,D014635,D003244
663,3173180,D008795,D006463
664,8996652,D000617,D006319
665,8996652,D005665,D006319
666,84204,D002927,D003221
667,9862868,D004997,D002780
668,15515654,D003676,D006319
669,2024540,D000806,D007022
670,2024540,D011224,D007022
671,12090760,D015215,D000740
672,7516729,D014700,D001919
673,2802551,D000666,D007674
674,19346865,D008795,D001927
675,2334618,D009020,D020182
676,2334618,D009020,D020181
677,2334618,D009020,D018879
678,8864707,D010672,D062787
679,12589964,D004317,D009202
680,11263551,D016559,D010146
681,11263551,D016559,D004487
682,11263551,D016559,D001855
683,11263551,D016572,D001855
684,11263551,D016572,D004487
685,11263551,D016572,D010146
686,10520387,D015742,D007022
687,10520387,D015742,D013610
688,10520387,D004809,D013610
689,230316,D007464,D001927
690,230316,D007464,D014786
691,230316,D007464,D010523
692,230316,D007464,D009896
693,230316,D007464,D013118
694,11807648,D014148,D012640
695,14596845,D013395,D006948
696,14596845,D000661,D006948
697,6666578,D010396,D001018
698,11279304,D003630,D006333
699,19884587,D013449,D006548
700,19884587,D013449,D018636
701,19884587,D013449,D017880
702,19884587,D009582,D006344
703,19884587,D009582,D018636
704,19884587,D009582,D002972
705,19884587,D009582,D000853
706,19884587,D013449,D001017
707,19884587,D013449,D000014
708,19884587,D013449,D002754
709,19884587,D009582,D008850
710,19884587,D009582,D002971
711,19884587,D013449,D000757
712,19884587,D009582,D000014
713,3970039,D000477,D015470
714,3970039,D003520,D001749
715,3970039,D000477,D008228
716,3970039,D001379,D008228
717,3970039,D003520,D002277
718,424937,D008750,D009336
719,424937,D008750,D006529
720,424937,D008750,D009325
721,424937,D008750,D005234
722,424937,D008750,D014839
723,424937,D008750,D002779
724,424937,D008750,D015746
725,424937,D008750,D007565
726,424937,D008750,D056486
727,424937,D008750,D000855
728,8643971,D002945,D000505
729,8643971,D017239,D010292
730,8643971,D017239,D000505
731,8643971,D002945,D018771
732,8643971,D017239,D018771
733,8643971,D002945,D010292
734,2224762,D004317,D010689
735,2224762,D004317,D000380
736,2224762,D004317,D052016
737,2224762,D004317,D000505
738,2224762,D004317,D013921
739,2224762,D004317,D000740
740,2224762,D004317,D009325
741,2440413,C034818,D012640
742,2440413,D001640,D012640
743,2440413,D010433,D012640
744,2440413,D013331,D012640
745,2440413,D010852,D012640
746,2440413,D015097,D012640
747,12483326,D016190,D009896
748,12483326,D016190,D010211
749,12483326,D016190,D012163
750,12483326,D016190,D058447
751,12483326,D016190,D014786
752,12483326,D016190,D009916
753,1664218,C042315,D007239
754,1664218,C042315,D012640
755,1664218,C042315,D009503
756,1664218,C042315,D009325
757,1664218,C042315,D010689
758,1664218,C042315,D014839
759,18809400,D017239,D009410
760,18809400,D002945,D009410
761,18809400,D002945,D010523
762,18809400,D017239,D010523
763,17020434,C426686,D056486
764,3865016,D016572,D003221
765,3865016,D005047,D006932
766,3865016,D005047,D003221
767,3865016,D016572,D006932
768,3629586,C021341,D009503
769,3629586,D015790,D013921
770,3629586,D015790,D000740
771,3629586,C021341,D013921
772,3629586,D015790,D009503
773,3629586,C021341,D000740
774,150790,D007538,D006948
775,150790,D007538,D002653
776,10579464,D008694,D006948
777,10579464,D003024,D002375
778,10579464,C121249,D002375
779,3496378,D014217,D002779
780,3496378,D014217,D007565
781,3496378,D014217,D004802
782,3496378,D014217,D011537
783,3496378,D014217,D056486
784,3076126,D015248,D009135
785,3076126,D016572,D009135
786,3076126,D008148,D051437
787,3076126,D009525,D009135
788,3076126,D008148,D009212
789,2894766,D012460,D010996
790,2894766,D012460,D011014
791,2894766,D012460,D008180
792,2894766,D012460,D002305
793,1549199,D007980,D020447
794,1549199,D007980,D005767
795,1549199,D007980,D007024
796,88336,D002719,D003128
797,88336,D009567,D003128
798,88336,D002719,D053608
799,88336,D009567,D062787
800,18544179,D005283,D007022
801,18544179,D005283,D012131
802,18544179,D005283,D020250
803,18544179,D005283,D001919
804,18186898,D016559,D005198
805,18186898,D016559,D009135
806,18186898,D019259,D009135
807,18186898,D019259,D005198
808,16867021,D000661,D006948
809,16867021,D006220,D002375
810,16867021,C052075,D002375
811,14976857,D011405,D018754
812,14976857,D011405,D000860
813,14976857,D011405,D003490
814,11745184,D002945,D009422
815,11745184,D002945,D006311
816,11745184,D002945,D007674
817,3985451,D014859,D020428
818,3985451,D014859,D009408
819,3985451,D014859,D009135
820,3985451,D014859,D006406
821,3750012,D002738,D009157
822,3750012,D010396,D009157
823,1130930,D005839,D007683
824,1130930,D002512,D007683
825,1130930,D005839,D009846
826,1130930,D002512,D009846
827,19356307,D012601,D008569
828,15957009,D012601,D008569
829,15899738,D003401,D001281
830,15863244,D010894,D005317
831,15863244,D010894,D009139
832,15863244,C106876,D005317
833,12921865,D003042,D012640
834,12584269,D016572,D007674
835,12584269,D016559,D007674
836,12584269,D020123,D007674
837,10406016,C007789,D020141
838,10406016,C007789,D001929
839,3403780,D000082,D000138
840,3403780,D000082,D017114
841,3403780,D000082,D058186
842,3101906,D007654,D007565
843,3101906,D007654,D002779
844,3101906,D007654,D056486
845,9088814,D000527,D007022
846,9088814,D000527,D008107
847,20880751,D007980,D004409
848,20080419,D010862,D004827
849,20080419,D010862,D013226
850,19445921,D007545,D009203
851,18439803,D010862,D012640
852,17919553,C106791,D056486
853,15632880,D013148,D006947
854,15632880,D013148,D051437
855,11773892,D016559,D007674
856,11773892,D016572,D007674
857,10835440,D009553,D007022
858,9523805,D008012,D009422
859,9523805,D011318,D009422
860,9245658,D009538,D002318
861,9245658,D009538,D050197
862,9034419,C047426,D012640
863,9034419,C047426,D062787
864,8829025,D016559,D006973
865,8437969,D002927,D054138
866,8437969,D002927,D001919
867,7890216,D015282,D042882
868,7468724,D013726,D002318
869,7199841,C004616,D010243
870,7199841,C004616,D013118
871,6640832,D004317,D003556
872,3560096,D007213,D006947
873,3560096,D013467,D006947
874,3358181,D012312,D014693
875,2887062,D004967,D015175
876,2425813,D011239,D006529
877,2425813,D011239,D009133
878,2375138,D008874,D012140
879,2375138,D008874,D006323
880,2265898,C009265,D004827
881,2071257,D012601,D008569
882,1592014,D003042,D012640
883,1592014,C005618,D012640
884,1436384,D000661,D020258
885,1085609,D007538,D012640
886,809711,D005996,D007022
887,20621845,D002122,D017545
888,19843802,D004837,D006973
889,19473225,D017239,D010523
890,19387625,D002211,D006930
891,19211690,D017673,D007674
892,18703024,D006220,D002375
893,18631865,D020123,D011507
894,18162529,D013469,D006966
895,17879945,D019438,D050197
896,17437408,D010862,D012640
897,17242861,D010862,D004833
898,16337777,D010862,D004833
899,15859940,D016572,D057049
900,15188772,D004837,D017682
901,15130900,D003520,D001749
902,12707296,C021650,D006973
903,12695819,D016559,D056784
904,12596116,D015282,D006976
905,11875660,D001374,D000757
906,11166519,D003042,D012640
907,8701950,D016559,D000743
908,7292072,D003891,D017180
909,4027862,D003891,D003693
910,2484011,D000547,D011596
911,2396046,D002794,D006528
912,2008831,D008755,D003329
913,1732369,D004317,D009202
914,234669,D000628,D014693
915,16740173,D002217,D009325
916,16740173,D002217,D001919
917,16740173,D002217,D006323
918,16740173,D002217,D006333
919,16740173,D002217,D007022
920,16740173,D002217,D015877
921,16740173,D002217,D006945
922,16740173,D002217,D012798
923,12464714,C093622,D009325
924,12464714,C093622,D004244
925,6203452,D001761,D011697
926,6203452,D014748,D006463
927,6203452,D002945,D007674
928,6203452,D014748,D007674
929,6203452,D002945,D011697
930,6203452,D001761,D006463
931,6203452,D014748,D011697
932,6203452,D002945,D006463
933,6203452,D001761,D007674
934,20528871,C104457,D009422
935,20528871,C104457,D006402
936,20528871,C104457,D059352
937,11672959,D012460,D005334
938,11672959,D012460,D009205
939,11672959,D012460,D008206
940,11672959,D012460,D018805
941,11672959,D012460,D009393
942,11672959,D012460,D003872
943,11672959,D012460,D056486
944,11928786,D016642,D013610
945,11928786,D016642,D012640
946,11928786,D016642,D006212
947,11928786,D016642,D001145
948,11928786,D016642,D006323
949,7977601,D007208,D012769
950,7977601,D007208,D010146
951,7977601,D007208,D007022
952,7977601,D007208,D011537
953,7977601,D007208,D009325
954,7977601,D007208,D005076
955,7977601,D007208,D014581
956,19300402,D013311,D003929
957,19300402,D013311,D006930
958,19300402,D014750,D010523
959,19300402,D014750,D006930
960,15325671,D003520,D006333
961,9746003,D002220,D004832
962,9746003,D002220,D009207
963,9746003,D020888,D004832
964,1992636,D009853,D004417
965,1992636,D009853,D000743
966,1992636,D009853,D053609
967,8387218,D016049,D018149
968,8387218,D016049,D010523
969,8387218,D016049,D003967
970,8387218,D016049,D010195
971,20698227,C471405,D006461
972,20698227,C473478,D006461
973,20477932,D003042,D007859
974,20477932,D003042,D008569
975,9495837,D012601,D000647
976,9495837,D004025,D000647
977,1468485,D003520,D006417
978,1468485,D003520,D003556
979,1468485,D003520,D006470
980,1009330,C010882,D003556
981,1009330,D003091,D003556
982,1009330,D007612,D003556
983,1009330,D011206,D003556
984,347884,D006220,D001480
985,347884,C006820,D001480
986,20667451,D010634,D003072
987,20667451,D002220,D003072
988,19767176,D010862,D013226
989,19767176,D010862,D009410
990,16330293,D009538,D009325
991,16330293,D009538,D006261
992,16330293,D009538,D006606
993,14568327,D007980,D004409
994,14568327,D015632,D010302
995,11250767,D011441,D005334
996,11250767,D011441,D010493
997,11250767,D011441,D005921
998,11206082,D010852,D012640
999,11206082,D010433,D012640
1000,11206082,C036150,D012640
1001,11027905,D007649,D006212
1002,9334596,D013739,D020018
1003,8595686,D015742,D010146
1004,6466532,D013390,D001919
1005,6308277,D002110,D012640
1006,6308277,D010433,D012640
1007,2870085,D007545,D013610
1008,1639466,D009568,D000419
1009,1639466,D009568,D009400
1010,1527456,D008012,D014717
1011,1527456,D008012,D014839
1012,220563,C023470,D003711
1013,220563,C023470,D010523
1014,137340,D012601,D006948
1015,137340,D009020,D006948
1016,9931093,D016559,D006973
1017,20633755,D009943,D001049
1018,20633755,D013390,D001049
1019,20067456,D017367,D007172
1020,18464113,D006514,D006509
1021,18308784,D009020,D007859
1022,17931375,D006493,D010146
1023,17931375,D006493,D003288
1024,15649445,D006220,D004409
1025,15649445,D012110,D004409
1026,14698717,D010672,D011605
1027,12617329,D005839,D058186
1028,12617329,D006170,D058186
1029,12523465,C022189,D006212
1030,11961407,D011692,D011507
1031,11961407,D011692,D009401
1032,9401499,D013988,D000741
1033,9401499,D013988,D000380
1034,2273650,D012601,D000647
1035,2273650,D003513,D000647
1036,10683478,D001058,D007035
1037,10683478,D001058,D006948
1038,6794356,D016651,D003490
1039,6794356,D016651,D001145
1040,6794356,D016651,D003866
1041,6504332,D010634,D004409
1042,6436733,D014635,D006970
1043,6436733,D000641,D006970
1044,6293644,D006220,D002375
1045,6293644,D001058,D006948
1046,6203632,D007545,D006332
1047,6203632,D007545,D006965
1048,3131282,D002083,D013274
1049,3115150,D015760,D009127
1050,2917114,D004491,D001919
1051,2564649,D005283,D009127
1052,2339463,D015119,D020225
1053,1545575,D003520,D006470
1054,1545575,D003520,D003556
1055,1286498,D005442,D009325
1056,1286498,D005442,D014839
1057,839274,D003276,D020518
1058,839274,D003276,D000236
1059,591536,D006493,D001157
1060,591536,D006493,D013921
1061,20735774,D000082,D017114
1062,20705401,D008694,D011605
1063,19105845,D016642,D012640
1064,18657397,D010400,D004827
1065,18363626,D020927,D001919
1066,16192988,D008694,D001523
1067,16157917,C047781,D009207
1068,16116131,D007980,D004409
1069,15930398,D015742,D000647
1070,15867025,D006514,D006509
1071,14975762,D004317,D006333
1072,14736955,D004317,D009401
1073,11573852,D000666,D012640
1074,9875685,D014031,D034381
1075,9848575,D004317,D009202
1076,9321531,D007980,D004409
1077,9305828,D010862,D004833
1078,9041081,D000305,D009798
1079,8305357,D003630,D009503
1080,8012887,D006493,D013927
1081,7651879,D005442,D012640
1082,3015327,D007538,D009422
1083,2980315,D008794,D014693
1084,2819587,D003276,D020246
1085,1564236,D004176,D006940
1086,1300436,D005665,D058186
1087,1141447,D008094,D003919
1088,188339,D003276,D008113
1089,19135948,D016559,D006504
1090,19135948,D016559,D014652
1091,19135948,C107135,D006504
1092,19135948,C107135,D058186
1093,19135948,D016559,D058186
1094,19135948,C107135,D014652
1095,14704468,D001640,D012640
1096,14704468,D000628,D012640
1097,14704468,D001498,D012640
1098,12549952,D016642,D056486
1099,12549952,D002231,D056486
1100,12549952,D002231,D017114
1101,12549952,D016642,D017114
1102,19370593,D011374,D054556
1103,19370593,D004967,D005705
1104,19370593,D004967,D020521
1105,19370593,D004967,D054556
1106,19370593,D004967,D003704
1107,19370593,D011374,D003704
1108,17019386,D008353,D019586
1109,12452237,D013390,D005207
1110,12452237,D013390,D010149
1111,9564988,D064704,D005414
1112,9564988,D064704,D003967
1113,9564988,D064704,D009325
1114,7596955,C045645,D005483
1115,7596955,C045645,D009325
1116,7596955,C048081,D006261
1117,7596955,C048081,D005483
1118,7596955,C045645,D006261
1119,7596955,C048081,D009325
1120,17965424,C422649,D004487
1121,17965424,D004008,D005767
1122,17965424,C422649,D006973
1123,17042884,D006220,D001480
1124,17042884,D006220,D014202
1125,17042884,D008094,D001480
1126,17042884,D008094,D014202
1127,17042884,D006220,D017109
1128,8586822,D017673,D006973
1129,3961813,D007531,D009410
1130,3961813,D007531,D009422
1131,3961813,C025541,D009410
1132,3961813,C025541,D009422
1133,20973483,D012110,D004409
1134,20973483,D006220,D002375
1135,17511042,C417083,D063726
1136,17511042,D012254,D063726
1137,16720068,D000525,D009459
1138,16720068,D017374,D009459
1139,16596970,D010862,D013226
1140,16596970,D010862,D001308
1141,16586083,D016861,D006973
1142,16586083,D016861,D020521
1143,16586083,D016861,D009203
1144,16586083,D016861,D006333
1145,10539815,D004656,D051437
1146,10539815,D004232,D051437
1147,9022662,D010389,D062787
1148,9022662,D010389,D001264
1149,9022662,D010389,D002819
1150,8677458,D007069,D003556
1151,8677458,D015080,D006470
1152,8677458,D015080,D003556
1153,8677458,D007069,D006470
1154,6323692,D003975,D001259
1155,6323692,C018824,D001259
1156,20195852,D003287,D007674
1157,20195852,C038192,D007674
1158,20195852,D007472,D007674
1159,18997632,D002110,D012640
1160,18997632,D002110,D017180
1161,18997632,D002110,D018879
1162,15565293,D004977,D014786
1163,15565293,D004977,D009901
1164,15266215,D001241,D013927
1165,14742097,D005473,D020018
1166,14742097,D017374,D020018
1167,14742097,D020280,D020018
1168,11890511,D016627,D007172
1169,9270571,D007980,D004409
1170,9270571,D015632,D020734
1171,7189975,D008012,D012640
1172,7189975,C004616,D012640
1173,7189975,D002045,D012640
1174,6415512,D002220,D004832
1175,6415512,D002220,D004831
1176,1928887,D000806,D007022
1177,1928887,D000806,D062787
1178,1728915,D002220,D054537
1179,1728915,D002220,D001919
1180,1728915,D002220,D013616
1181,20558148,D006220,D002375
1182,19940105,D006220,D002375
1183,19923525,D005996,D008569
1184,19923525,D005996,D007022
1185,19058474,D005419,D006471
1186,19058474,D014859,D006471
1187,18808529,D007545,D009202
1188,18808529,D007545,D007511
1189,18674790,D004041,D009765
1190,18674790,D004317,D006331
1191,18441470,D008094,D012804
1192,18441470,D008094,D054537
1193,17366349,C092292,D009459
1194,16584858,D007545,D009203
1195,16563323,D005045,D009207
1196,16428827,D012601,D000647
1197,15985056,D017963,D006606
1198,15985056,D001418,D006606
1199,15276120,D014859,D020300
1200,15276120,D014859,D006470
1201,11271907,D003520,D009205
1202,11271907,D003520,D006470
1203,10524660,D009569,D020326
1204,10524660,D005996,D020326
1205,9799166,D003042,D020521
1206,9799166,D000661,D020521
1207,9672273,D013629,D014652
1208,9672273,D013629,D015228
1209,8854309,D003042,D011681
1210,8854309,D003042,D010259
1211,8473723,D016666,D012640
1212,8473723,D008728,D012640
1213,6674249,D015119,D009336
1214,6674249,D015119,D009135
1215,6150641,D002927,D007172
1216,3670965,D001241,D012202
1217,3300918,D004876,D008881
1218,3300918,D008784,D014652
1219,2826064,D013726,D007008
1220,2422478,D008750,D007022
1221,1535072,D002997,D020018
1222,1504402,D007741,D056486
1223,1504402,D007741,D004342
1224,19917396,D016559,D006332
1225,19234905,D007980,D004409
1226,18541230,D011692,D009401
1227,18177388,D000661,D054549
1228,17490864,D000661,D006948
1229,17490790,D007505,D009410
1230,16047871,D014859,D018366
1231,15673851,D009020,D020336
1232,12481039,D010862,D012640
1233,11185967,C005618,D012640
1234,11099450,D007980,D004409
1235,11027904,D008691,D006930
1236,10193809,D011692,D011507
1237,9214597,D004958,D010911
1238,7604176,D017035,D009220
1239,7282516,D004317,D009202
1240,7072798,D002701,D000741
1241,3769769,D014282,D001919
1242,3708922,D016572,D007674
1243,3220106,D009538,D006948
1244,2722224,D006854,D006973
1245,1636026,D013496,D058186
1246,1610717,D003042,D012640
1247,873132,D004997,D002779
1248,783197,D010042,D002303
1249,9545159,D001393,D016757
1250,9545159,D001393,D008133
1251,9545159,D004110,D008133
1252,9545159,D001393,D016171
1253,9545159,D020117,D016757
1254,9545159,D004917,D016171
1255,9545159,D004917,D008133
1256,9545159,D020117,D008133
1257,9545159,D020117,D016171
1258,9545159,D004917,D016757
1259,8643973,D017239,D013921
1260,8643973,D017239,D000380
1261,8643973,D016190,D000380
1262,8643973,D017239,D007970
1263,8643973,D016190,D007970
1264,8643973,D016190,D013921
1265,8643973,D016190,D020258
1266,8643973,D017239,D020258
1267,10743694,D016559,D000743
1268,10743694,D016559,D003922
1269,10743694,D016559,D011537
1270,10743694,D016559,D008232
1271,10743694,D016559,D009202
1272,10743694,D016559,D020258
1273,10743694,D016559,D005767
1274,10743694,D016559,D056486
1275,10743694,D016559,D007674
1276,3535719,D014031,D006311
1277,3535719,D009428,D006311
1278,3535719,D009428,D007674
1279,3535719,D010878,D006311
1280,3535719,D010878,D007674
1281,3535719,D014031,D007674
1282,6433367,D005481,D012640
1283,6433367,D001640,D012640
1284,6433367,D010433,D012640
1285,6433367,D010852,D012640
1286,17285209,C044946,D000799
1287,17285209,D017311,D000799
1288,17285209,C044946,D007410
1289,17285209,D017311,D007410
1290,15858223,D017392,D056486
1291,15858223,D014635,D005234
1292,15858223,D014635,D009336
1293,15858223,C075750,D056486
1294,15858223,D014635,D056486
1295,15858223,D008054,D056486
1296,15811908,C012052,D006973
1297,15811908,C012052,D014839
1298,15811908,C012052,D006261
1299,15811908,D063325,D014839
1300,15811908,D063325,D006261
1301,15811908,D063325,D006973
1302,15764424,D000661,D006948
1303,15764424,D003042,D006948
1304,15764424,D008694,D011605
1305,15764424,D003042,D011605
1306,15764424,D008694,D006948
1307,15764424,D000661,D011605
1308,12101159,D004110,D062787
1309,12101159,D004110,D007022
1310,12101159,D004110,D006323
1311,12101159,D004110,D001919
1312,6699841,D009288,D007681
1313,6127992,D014700,D007022
1314,6127992,D000319,D006333
1315,6127992,D014700,D001919
1316,6127992,D014700,D006333
1317,6127992,D000319,D007022
1318,6127992,D000319,D001919
1319,6115999,D001539,D007172
1320,6115999,D011433,D011928
1321,6115999,D001539,D018149
1322,6115999,D001539,D006073
1323,6115999,D011433,D007172
1324,6115999,D011433,D004417
1325,18086064,D020927,D001919
1326,18086064,D020927,D007022
1327,12739036,D002738,D018908
1328,12739036,D002738,D009133
1329,12093990,C059262,D058186
1330,12093990,C059262,D009503
1331,3962737,D000638,D002779
1332,3962737,D000638,D056486
1333,3962737,D000638,D008103
1334,3962737,D000638,D005234
1335,2716967,D009020,D002375
1336,2716967,D007649,D002375
1337,19642243,D014640,D058186
1338,19642243,C418563,D058186
1339,17682013,D008727,D056784
1340,17682013,C017367,D056784
1341,17682013,D005472,D056784
1342,17682013,C110904,D056784
1343,16725121,D003042,D012640
1344,16725121,D008012,D012640
1345,16629641,D012254,D000743
1346,16629641,D007372,D000743
1347,16006300,C019248,D006996
1348,16006300,D002119,D006934
1349,11705128,D012254,D000743
1350,11705128,D016898,D000743
1351,6540303,D008550,D002389
1352,6540303,D012701,D002389
1353,6540303,D004298,D002389
1354,6540303,D007649,D002389
1355,3057041,C020976,D006970
1356,3057041,C020976,D013651
1357,625456,D002119,D006934
1358,625456,D017693,D053040
1359,625456,D017693,D006934
1360,625456,D002119,D053040
1361,7910951,D003473,D018908
1362,7910951,D000305,D009135
1363,7910951,D003473,D009468
1364,7752389,D015232,D053201
1365,6942642,D006852,D007008
1366,6942642,D006852,D001145
1367,3732088,D002752,D018879
1368,2893236,D013874,D012133
1369,2533791,D006513,D006509
1370,2533791,D006514,D006509
1371,2322844,D015232,D006930
1372,2322844,D015230,D006930
1373,20552622,D000420,D013617
1374,20510337,D002945,D058186
1375,20164825,D005839,D058186
1376,20042557,D015742,D003693
1377,20042557,D015742,D011183
1378,19944333,C471405,D003329
1379,17975693,D009643,D001008
1380,17975693,D002939,D001008
1381,17943461,D015215,D002311
1382,17943461,D015215,D009202
1383,17074608,D014635,D002819
1384,17074608,D014635,D001927
1385,16364460,D012601,D000647
1386,15579441,D011692,D000860
1387,15579441,D011692,D009404
1388,15517007,D008942,D006331
1389,15517007,D003520,D006331
1390,12180796,D018818,D001167
1391,12180796,D013806,D001167
1392,12109865,D006495,D006470
1393,12109865,D006495,D013923
1394,12042105,C052342,D053040
1395,11868798,D000666,D007008
1396,11860278,D010862,D012640
1397,11860278,D007608,D012640
1398,11838826,D018967,D006966
1399,11467664,D008687,D041781
1400,11467664,D008687,D002779
1401,11077455,D020888,D014786
1402,11063349,D016559,D007674
1403,11063349,D016572,D007674
1404,10091616,D001058,D004409
1405,10091616,D007980,D004409
1406,9952311,D004317,D028361
1407,9952311,D004317,D001919
1408,9915601,D007538,D001919
1409,9915601,D007538,D007022
1410,9758264,D005492,D012640
1411,9758264,D005492,D008180
1412,9669632,D020117,D015746
1413,9326871,D004917,D005759
1414,9326871,D017291,D017180
1415,9226773,D008094,D018500
1416,9226773,D008094,D011141
1417,8600333,D004317,D006331
1418,8514073,D003975,D014652
1419,8514073,D008874,D014652
1420,8492347,D005665,D012206
1421,8492347,D005665,D013746
1422,8410199,D010862,D012640
1423,8410199,D010862,D009410
1424,7791169,D007213,D007674
1425,6728084,D007612,D007674
1426,6728084,D005839,D007674
1427,6111982,D010042,D001145
1428,3123611,D003276,D002819
1429,3123611,D000661,D002819
1430,761833,D000643,D003128
1431,18589141,D006493,D013921
1432,16418614,D011441,D014657
1433,15893386,D013390,D014313
1434,15814210,D003907,D009422
1435,11912119,D007980,D004409
1436,9105126,D013256,D018658
1437,8599504,D004329,D000799
1438,8546130,D017291,D006212
1439,7724492,D004317,D011507
1440,7619765,D005047,D009203
1441,7416947,D004077,D020018
1442,7263204,D007213,D000741
1443,7066357,D011692,D009404
1444,7007443,D000082,D017114
1445,3762968,D014042,D014899
1446,3413271,D004837,D017202
1447,3088349,D000661,D009069
1448,3001299,D008094,D007037
1449,2004015,D015215,D000740
1450,1732442,D004317,D009202
1451,1423339,D011433,D000647
1452,921394,D007649,D013610
1453,871943,D013390,D001049
1454,1355091,D009638,D001919
1455,1355091,D011224,D007024
1456,1355091,C014282,D001919
1457,1355091,C056299,D006973
1458,1355091,D009638,D006973
1459,1355091,C056299,D001919
1460,1355091,C014282,D006973
1461,8638876,D004958,D002341
1462,8638876,D004958,D002544
1463,8638876,D011374,D002543
1464,8638876,D011374,D012851
1465,8638876,D004958,D012851
1466,8638876,D011374,D002544
1467,8638876,D004958,D002543
1468,8638876,D011374,D002341
1469,1628552,D002738,D005221
1470,1628552,D002738,D006333
1471,1628552,D002738,D004417
1472,1628552,D002738,D013575
1473,1628552,D002738,D002037
1474,1628552,D002738,D001766
1475,1628552,D002738,D012164
1476,1628552,D002738,D004244
1477,11524350,C476513,D001145
1478,11524350,C037663,D012640
1479,11524350,C037663,D006323
1480,11524350,C476513,D012640
1481,11524350,C037663,D001145
1482,11524350,C476513,D006323
1483,10027919,C051883,D006934
1484,10027919,C051883,D054559
1485,10027919,D002117,D001851
1486,10027919,D002117,D006934
1487,8643966,D017239,D009325
1488,8643966,D017239,D014839
1489,8643966,D017239,D018771
1490,8643966,D017239,D011115
1491,8643966,D017239,D009503
1492,8643966,D017239,D063806
1493,6695415,D002110,D006973
1494,6695415,D002110,D013345
1495,6695415,D010665,D013345
1496,6695415,D002110,D002543
1497,6695415,D010665,D006973
1498,6695415,D010665,D002543
1499,6695415,D010665,D020521
1500,6637851,D000638,D001259
1501,6637851,D000638,D000855
1502,6637851,D000638,D009325
1503,6637851,D000638,D013959
1504,6637851,D000638,D014786
1505,8800187,D003891,D007022
1506,8800187,D003891,D001145
1507,8800187,D003891,D001919
1508,8800187,D002122,D001145
1509,7707116,D015474,D013921
1510,7707116,D015474,D005076
1511,7707116,D015474,D000740
1512,7707116,D015474,D006934
1513,7707116,D015474,D014839
1514,6892185,D002217,D015878
1515,6892185,D010830,D015878
1516,6892185,D010830,D014202
1517,6892185,D002217,D014202
1518,6892185,D010830,D004830
1519,6892185,D002217,D004830
1520,6216862,D010396,D009157
1521,6216862,D010396,D011507
1522,6216862,D010396,D005076
1523,6216862,D010396,D017285
1524,6216862,D010396,D008180
1525,2004,D013881,D013617
1526,2004,D009661,D002037
1527,2004,D013881,D017180
1528,2004,D000639,D002037
1529,6118280,D009118,D009207
1530,3703509,D011241,D007662
1531,3703509,D011241,D007022
1532,3703509,D011241,D003128
1533,3703509,D011241,D000140
1534,3703509,D011241,D006943
1535,20683499,D013311,D003072
1536,20683499,D013311,D000544
1537,20466178,C117268,D003872
1538,20466178,C117268,D003875
1539,20466178,C117268,D013684
1540,19944736,D018021,D001930
1541,19944736,D013619,D001930
1542,19944736,D018021,D012640
1543,19944736,D013619,D012640
1544,19721134,D010042,D001145
1545,19721134,D000157,D001145
1546,17786501,D004221,D010292
1547,17786501,D004221,D009901
1548,17786501,D004221,D012607
1549,16960342,D006514,D006509
1550,16960342,D006513,D006509
1551,11226639,D013874,D053608
1552,11226639,D008550,D053608
1553,11226639,D003975,D053608
1554,11226639,D007649,D053608
1555,9228650,C076946,D000647
1556,9228650,C049860,D000647
1557,9228650,D013619,D000647
1558,9228650,D012601,D000647
1559,8766220,D017374,D006212
1560,8766220,D014147,D006212
1561,8766220,D004308,D006212
1562,8441146,D006046,D000741
1563,8441146,D010396,D000741
1564,3653576,D011692,D058186
1565,3653576,D011692,D011507
1566,3653576,C004504,D058186
1567,3653576,C001335,D058186
1568,2750819,D008278,D020879
1569,2750819,D009543,D020879
1570,1899352,D007069,D006417
1571,1899352,D007069,D007970
1572,1899352,D007069,D003221
1573,1899352,D007069,D009325
1574,18161408,D002996,D009203
1575,18161408,D002996,D013923
1576,17574447,D010634,D002761
1577,17574447,D010634,D008107
1578,16710500,D004977,D009901
1579,16710500,D004977,D014786
1580,11694026,C012655,D000799
1581,11694026,D000082,D000799
1582,11694026,D000894,D000799
1583,11282081,D014700,D001281
1584,10074612,D008775,D001919
1585,10074612,D008775,D006323
1586,10074612,D008775,D007022
1587,9209318,D015215,D013921
1588,9209318,D015215,D000748
1589,9209318,D015215,D009190
1590,8742498,D000082,D056486
1591,8742498,D000431,D056486
1592,2435991,D004837,D001145
1593,2435991,D004071,D001145
1594,950631,D010396,D007674
1595,950631,D010396,D011507
1596,663266,C027278,D014693
1597,663266,C102006,D014693
1598,663266,D004492,D014693
1599,19319147,D014859,D002543
1600,16634859,D000431,D006130
1601,16634859,D000661,D006130
1602,16471092,C099041,D014987
1603,16174948,D003042,D017542
1604,16174948,D003042,D013345
1605,15042318,D004317,D001281
1606,12448656,D013792,D003248
1607,12448656,D013792,D006970
1608,12231232,D006220,D009127
1609,11847945,D007530,D056486
1610,11847945,D007530,D002779
1611,11284996,D005996,D006261
1612,11284996,D009569,D006261
1613,11078231,D004280,D000788
1614,11078231,D004280,D003329
1615,10523326,D007854,D006973
1616,9867728,D005277,D001022
1617,9867728,D010645,D001022
1618,9636837,D002945,D010523
1619,9636837,D016190,D010523
1620,9579567,D013629,D016889
1621,9205462,D013629,D017093
1622,9205462,D013629,C537296
1623,9098464,D005473,D006966
1624,9098464,D005473,D062788
1625,8424298,D007741,D007022
1626,8424298,D007530,D007022
1627,7880714,D002045,D034381
1628,7880714,D004837,D034381
1629,7102237,D008874,D001049
1630,7102237,D013874,D001049
1631,6769133,D004317,D006333
1632,6769133,D004317,D015470
1633,6292680,D004317,D009202
1634,3969369,D013739,D011471
1635,3969369,D013739,D011472
1636,3108839,D016685,D051437
1637,3108839,D016685,D006463
1638,2466960,D005472,D000787
1639,2466960,D005472,D007511
1640,2320800,D007069,D007674
1641,2320800,D007069,D001002
1642,2220369,C015173,D020246
1643,326460,D001539,D007008
1644,20331935,D018967,D006966
1645,19707748,D064704,D012640
1646,19692487,D018021,D011141
1647,19289093,D002809,D007022
1648,18627295,D004317,D009202
1649,18405372,D012460,D056486
1650,18356633,D000583,D007674
1651,16574713,D018817,D008569
1652,15638391,D006220,D006966
1653,15531665,D001205,D002318
1654,12851669,D003277,D054556
1655,12842176,D001556,D012640
1656,12745515,D016642,D012640
1657,12571256,D007472,D007674
1658,9514561,D002211,D010146
1659,9165568,D018967,D009459
1660,9154656,D011692,D009404
1661,8911359,D003520,D001749
1662,8686832,D008012,D001416
1663,8607407,D002110,D006973
1664,8111719,D007069,D006212
1665,7059267,D002747,D009901
1666,6381653,D007980,D004409
1667,3950060,D000583,D007674
1668,3311455,D016572,D007674
1669,2051906,D001379,D002779
1670,2021202,D007530,D007022
1671,1848636,D013726,D007008
1672,1445986,D015313,D000743
1673,982002,D012293,D058186
1674,343678,D006513,D006509
1675,8888541,C047426,D005334
1676,8888541,C047426,D013921
1677,8888541,C047426,D020230
1678,8888541,D014191,D005334
1679,8888541,D014191,D009207
1680,8888541,C047426,D009127
1681,8888541,C047426,D009207
1682,8888541,C047426,D003221
1683,8888541,C047426,D014202
1684,8888541,D014191,D014202
1685,8888541,D014191,D020230
1686,8888541,C047426,D012798
1687,8888541,D014191,D003221
1688,8888541,D014191,D013921
1689,8888541,D014191,D012798
1690,8888541,D014191,D009127
1691,8106150,C005177,D004409
1692,8106150,D015632,D020734
1693,21418164,D008130,D005767
1694,21418164,D008130,D017093
1695,21418164,D008130,D013921
1696,21418164,D008130,D007674
1697,21418164,D008130,D000740
1698,21418164,D008130,D009503
1699,21418164,D008130,D014839
1700,9121607,D010862,D013226
1701,9121607,D007608,D013226
1702,9121607,D010862,D012640
1703,9121607,D007608,D012640
1704,7905523,C059896,D005414
1705,7905523,D015215,D015431
1706,7905523,D015215,D005414
1707,7905523,C059896,D015746
1708,7905523,C059896,D003967
1709,7905523,D015215,D015746
1710,7905523,D015215,D003967
1711,7905523,C059896,D015431
1712,3431591,C031662,D056486
1713,3431591,C031662,D007674
1714,3431591,C031662,D005221
1715,33969,D001590,D001008
1716,33969,D001590,D003866
1717,33969,D001590,D004409
1718,33969,C017610,D010302
1719,16844102,D008694,D009422
1720,16844102,D008694,D005334
1721,14633084,D007069,D006470
1722,14633084,D007069,D003556
1723,11999899,D012110,D014202
1724,11999899,D012110,D004409
1725,11999899,D012110,D002375
1726,9431903,D009020,D046628
1727,9431903,D009388,D013035
1728,9431903,D009020,D013035
1729,9431903,D009388,D046628
1730,8665051,D014221,D015431
1731,8665051,D008775,D015431
1732,8665051,D014221,D009133
1733,8665051,D008775,D009133
1734,8665051,D008775,D000855
1735,8665051,D014221,D000855
1736,7785794,D008790,D007022
1737,7785794,D014700,D006327
1738,7785794,D014700,D007022
1739,7785794,D008790,D006327
1740,8958188,C045894,D052016
1741,8958188,C045894,D013921
1742,2557556,D015124,D006930
1743,2557556,D015232,D006930
1744,15580403,D007372,D000743
1745,15580403,D012254,D000743
1746,15075188,D011692,D001201
1747,15075188,D011692,D009404
1748,15075188,D011692,D011507
1749,15075188,D011692,D034141
1750,14745746,D013629,D008569
1751,14745746,C090450,D008569
1752,14745746,C090450,D003072
1753,14745746,D013629,D003072
1754,11208990,D004317,D011507
1755,11208990,D004317,D009404
1756,9201797,D006220,D002375
1757,8267029,D010396,D005921
1758,2528969,D015215,D009325
1759,2528969,D015215,D005221
1760,2528969,D015215,D006261
1761,384871,D007538,D012607
1762,384871,D004977,D009901
1763,384871,D007538,D009901
1764,384871,D004977,D012607
1765,133615,D003276,D001778
1766,133615,D003276,D012164
1767,133615,D003276,D013924
1768,133615,D003276,D009203
1769,17263743,D003000,D007022
1770,17263743,D003000,D001919
1771,17263743,D003000,D006323
1772,17241657,D003042,D012640
1773,14982270,D008713,D006932
1774,14982270,D008713,D041781
1775,14982270,D008713,D011537
1776,12911170,D002939,D000743
1777,12911170,D002939,D007676
1778,12911170,D002939,D009395
1779,11195262,D014635,D007177
1780,10728962,D014667,D007022
1781,10728962,D020105,D007022
1782,7647582,D007530,D056486
1783,7647582,D004737,D056486
1784,7647582,D006221,D056486
1785,4090988,D000082,D006965
1786,4090988,D000082,D001749
1787,4090988,D000082,D008113
1788,4038130,D008012,D009135
1789,4038130,D008619,D009135
1790,4038130,D002045,D009135
1791,2907585,D006220,D002375
1792,2894433,D004837,D001919
1793,2894433,D003975,D001919
1794,2790457,D008012,D012640
1795,2790457,D003042,D012640
1796,2334179,D010396,D009404
1797,2334179,D010396,D011507
1798,1969772,D018818,D007022
1799,1969772,D009599,D007022
1800,1969772,D006221,D007022
1801,1700207,D004837,D001145
1802,1700207,D010042,D001145
1803,19761039,D012110,D004409
1804,11704023,D013999,D001919
1805,19300240,D005472,D054549
1806,19300240,D005472,D002637
1807,18006530,D015742,D010146
1808,17702969,D005473,D005315
1809,17702969,D005473,D006976
1810,17344330,D008691,D008133
1811,17344330,D008691,D013575
1812,16826348,D003561,D010523
1813,16820346,D003907,D006973
1814,15974569,D002351,D006930
1815,15974569,D002211,D006930
1816,11583940,D016559,D007674
1817,11583940,D016572,D007674
1818,11245434,D016190,D000740
1819,11243580,D008012,D012640
1820,11079278,D004280,D017202
1821,10910842,D011239,D018908
1822,10910842,D011239,D009133
1823,10533019,D004110,D013746
1824,10414674,D007660,D006406
1825,10414674,D007660,D001791
1826,9523850,D007505,D018771
1827,8384253,D014750,D012678
1828,8268147,D010396,D017285
1829,8251368,D009543,D013684
1830,8251368,D017311,D013684
1831,7542793,D016572,D007674
1832,7542793,D016559,D007674
1833,7337133,D000082,D001929
1834,7337133,D000082,D017093
1835,4069770,D005839,D058186
1836,3780814,D004052,D011230
1837,3780697,D005283,D009127
1838,3686155,D001971,D011605
1839,3137399,D016685,D006333
1840,3137399,D004317,D006333
1841,2709684,D013311,D003920
1842,2709684,D005839,D058186
1843,458486,D007980,D004409
1844,21294084,D010400,D004827
1845,20727411,D007649,D011605
1846,20533999,D008694,D020258
1847,20304337,D003042,D003389
1848,20103708,D013311,D003928
1849,19996135,D014148,D012640
1850,19674115,D011718,D000857
1851,19139001,D013467,D034381
1852,18239197,D014282,D003072
1853,17194457,D013739,D001523
1854,16132524,D017239,D001929
1855,12907924,D008774,D009771
1856,12139551,D008787,D006323
1857,10411803,D015313,D000743
1858,10225068,D008012,D011128
1859,9549528,D007980,D004409
1860,7843916,D003907,D009798
1861,7803371,D003915,D003072
1862,7437994,D008094,D011141
1863,6496797,D014196,D006327
1864,3411101,C033457,D056486
1865,2598570,D013496,D021501
1866,1415380,D011803,D006463
1867,1255900,D006493,D011702
1868,85485,D001556,D006528
1869,48362,D011802,D056486
1870,9067481,D002251,D056486
1871,9067481,D002725,D056486
1872,9067481,D000082,D056486
1873,9067481,D005688,D056486
1874,9067481,D004317,D066126
1875,19274460,D003907,D006402
1876,19274460,C400082,D005767
1877,19274460,D003520,D006402
1878,19274460,D003907,D005767
1879,19274460,C400082,D009422
1880,19274460,D003520,D005767
1881,19274460,C400082,D006402
1882,19274460,D003907,D009422
1883,19274460,D003520,D009422
1884,18201582,D017311,D006261
1885,18201582,C084178,D004244
1886,18201582,C084178,D006261
1887,18201582,C084178,D003967
1888,18201582,C084178,D004487
1889,18201582,D017311,D003967
1890,18201582,D017311,D004487
1891,18201582,D017311,D003371
1892,18201582,D017311,D004244
1893,18201582,C084178,D003371
1894,11337188,D000305,D051437
1895,11337188,D010068,D051437
1896,11337188,D010068,D018366
1897,11337188,D000305,D018366
1898,6308526,D009020,D007022
1899,6308526,D009020,D007035
1900,6308526,D009020,D002375
1901,6308526,D009020,D001919
1902,15897593,D003630,D015431
1903,15897593,D004317,D006402
1904,15897593,D005047,D006402
1905,15897593,D003630,D006402
1906,15897593,D005047,D015431
1907,15897593,D004317,D015431
1908,6817363,D012601,D000647
1909,6817363,D003513,D008569
1910,6817363,D002701,D008569
1911,11900788,D009020,D002375
1912,11900788,D009538,D002375
1913,11230490,D003520,D009503
1914,11230490,D004317,D009503
1915,11230490,D003520,D006333
1916,11230490,D004317,D006333
1917,2594614,D002045,D001919
1918,2594614,D002045,D007022
1919,2257294,D015215,D001855
1920,2257294,D015215,D000740
1921,2257294,D015215,D007970
1922,10840460,D003520,D003556
1923,10840460,D003520,D010146
1924,10840460,D000171,D010146
1925,8278214,D009020,D006930
1926,8278214,D009020,D006941
1927,8278214,D009020,D009437
1928,8278214,D009020,D009207
1929,3934126,D014640,D013924
1930,3934126,D014640,D005076
1931,3934126,D014640,D011507
1932,3934126,D014640,D006311
1933,1687392,D005476,D002375
1934,1687392,D013469,D002375
1935,1687392,C534628,D002375
1936,19719056,D002351,D004487
1937,19719056,D002351,D010146
1938,15266362,D004280,D004802
1939,15266362,D004280,D004342
1940,15266362,D004280,D009205
1941,14648024,D014212,D004893
1942,14648024,D014212,D005334
1943,11827497,D006493,D054556
1944,11827497,D006493,D013921
1945,11827497,D006493,D001157
1946,11827497,D006493,D011655
1947,8841157,C081489,D004487
1948,8841157,D017311,D004487
1949,8045270,D012110,D002375
1950,8045270,C061282,D002375
1951,8045270,D006220,D002375
1952,2576810,D016666,D006948
1953,2576810,D008729,D006948
1954,2576810,D009627,D006948
1955,2576810,D000661,D006948
1956,20635749,D000638,D003128
1957,20635749,D000638,D009230
1958,20635749,D000638,D007037
1959,20394767,D010433,D012021
1960,20394767,D015016,D012021
1961,20394767,C015068,D012021
1962,19203554,D012460,D005334
1963,19203554,D012460,D005923
1964,19203554,D012460,D010996
1965,17049862,D010672,D001919
1966,16225977,C012052,D013981
1967,12852481,D001241,D065630
1968,12852481,D001241,D000014
1969,12852481,D001241,D006345
1970,11858397,D008787,D016171
1971,11858397,D004917,D016171
1972,11858397,D020117,D016171
1973,11009181,D007980,D004409
1974,8988571,D003042,D012206
1975,8988571,D003042,D003645
1976,8988571,D003042,D003693
1977,6615052,D006493,D013923
1978,6615052,D006493,D013921
1979,6615052,D006493,D006470
1980,3952818,D005472,D002637
1981,3952818,D005472,D000788
1982,3084782,D006046,D003872
1983,3084782,D008625,D009393
1984,3084782,D008625,D003872
1985,430165,D010672,D062787
1986,430165,D010672,D002526
1987,430165,D010672,D010291
1988,16600756,D015237,D053201
1989,16600756,D015232,D053201
1990,15686794,D000638,D017116
1991,12760988,D013390,D010149
1992,12760988,D013390,D063806
1993,12691807,D007980,D004421
1994,12600698,D013307,D015837
1995,12091028,D007649,D006212
1996,11860495,D012601,D000647
1997,11752998,D002211,D006930
1998,10354657,D008094,D007037
1999,10328196,D020123,D019559
2000,9630698,D006220,D009127
2001,8480959,D008148,D009135
2002,7197363,D011814,D009069
2003,7197363,D001058,D001523
2004,7161250,D006220,D010302
2005,7053705,D013866,D006504
2006,6402369,D007069,D001745
2007,3973521,C027278,D007022
2008,3973521,C027278,D008133
2009,3461217,D043343,D011471
2010,3461217,D008770,D011471
2011,2840807,D009074,D004421
2012,2840807,D000324,D004421
2013,2569282,D015760,D009127
2014,2343592,C044650,D012640
2015,2055425,D013311,D003920
2016,1711760,D010656,D006973
2017,1595783,D000638,D011014
2018,1595783,D000638,D004342
2019,804391,D012293,D011507
2020,28952,D002752,D007008
2021,19893084,D005839,D058186
2022,18513945,D010121,D007022
2023,18483878,D003520,D003556
2024,17923537,D005446,D009798
2025,15096016,D007980,D004409
2026,12734532,D010665,D009203
2027,12013711,D018967,D010468
2028,11861791,D004317,D006333
2029,11302406,D015725,D016171
2030,11058428,D008775,D009135
2031,11022397,D012601,D008569
2032,10692744,D000086,D005862
2033,10565806,C076029,D001714
2034,9061311,D000082,D017114
2035,8617710,D006220,D003072
2036,8494478,D002939,D058186
2037,8475949,D010419,D016171
2038,7710775,D008315,D002545
2039,7650771,D004456,D018908
2040,7565311,D016190,D058186
2041,7421734,D004967,D016889
2042,6732043,D000728,D020181
2043,6454943,D011692,D011507
2044,6153967,D004737,D012640
2045,3183120,C033706,D001927
2046,3120485,D003975,D000647
2047,2886572,D004837,D006973
2048,1079693,D006886,D012164
2049,803783,D010121,D014869
2050,8701013,D015738,D003693
2051,439781,D007213,D007022
2052,22836123,D016572,D057049
2053,22836123,D000305,D012595
2054,22836123,D016559,D012595
2055,23433219,D008694,D011605
2056,23433219,D008694,D001714
2057,23433219,D008694,D000987
2058,23535177,D007980,D004409
2059,23666265,D003520,D003556
2060,23666265,D003520,D010146
2061,23666265,D003520,D004487
2062,23846525,C055162,D056486
2063,23864035,D003907,D010523
2064,23864035,C400082,D010523
2065,23871786,C006780,D001008
2066,23872883,D007545,D066126
2067,23892921,D003907,D010523
2068,23892921,D003907,D001855
2069,23892921,D003907,D020246
2070,23892921,C467567,D001855
2071,23892921,C467567,D010523
2072,23892921,C467567,D020246
2073,23949582,D007069,D003556
2074,23949582,D007069,D006470
2075,23952588,D007980,D004409
2076,24040781,C107135,D000686
2077,24040781,C107135,D011507
2078,24067251,C418563,D058186
2079,24067251,C418563,D005198
2080,24068571,D013874,D011183
2081,24068571,D013874,D003693
2082,24072398,D008694,D003866
2083,24088636,C098010,D009901
2084,24088636,C098010,C531767
2085,24091473,C476513,D002318
2086,24100055,D006493,D013921
2087,24100257,C089750,D003329
2088,24100257,C089750,D054549
2089,24114426,D018817,D020920
2090,24114426,D018817,D010554
2091,24114426,D018817,D003866
2092,24126708,D007980,D006212
2093,24126708,D007980,D004409
2094,24132704,D003976,D006949
2095,24158386,D008775,D009503
2096,24158386,C056507,D013921
2097,24158386,D008775,D013921
2098,24158386,C056507,D009503
2099,24190587,D018817,D003866
2100,24209900,D007069,D012640
2101,24209900,D007069,D013226
2102,24220752,D003287,D007674
2103,24220752,C051890,D007674
2104,24234943,C086816,D007177
2105,24234943,C086816,D001008
2106,24234943,C086816,D007010
2107,24234943,C086816,D003221
2108,24234943,C086816,D009325
2109,24275640,D004317,D066126
2110,24275640,D004317,D009336
2111,24283660,D016559,D012640
2112,24284476,D012601,D000647
2113,24309294,D009020,D000647
2114,24333387,D013311,D007249
2115,24333387,D013311,D008569
2116,24341598,D003287,D058186
2117,24345882,D008727,D003072
2118,24345882,D008727,D056784
2119,24434397,D014148,D004830
2120,24438483,D002045,D006323
2121,24438483,D002045,D066126
2122,24451297,C065180,D015746
2123,24451297,C065180,D056486
2124,24451297,C065180,D000855
2125,24451297,C065180,D009325
2126,24459006,D015725,D000380
2127,24459006,D015725,D013921
2128,24464946,D015251,D066126
2129,24464946,D015251,D006333
2130,24535067,D005045,D009207
2131,24554916,D010758,D006505
2132,24554916,D010758,D002779
2133,24554916,D010758,D017114
2134,24571687,D020927,D001919
2135,24571687,D020927,D019462
2136,24582773,C069541,D011595
2137,24587916,D003907,D006973
2138,24587916,D003907,D015431
2139,24588023,D014148,D012640
2140,24595967,D018817,D012893
2141,24595967,D018817,D008569
2142,24614773,D014635,D003072
2143,24614773,D014635,D003221
2144,24614773,D014635,D006212
2145,24618873,D008614,D002524
2146,24618873,D008614,D009325
2147,24618873,C002752,D012640
2148,24618873,D008614,D004401
2149,24618873,D008614,D014839
2150,24618873,D008614,D007022
2151,24641119,D007654,D003875
2152,24653743,C042288,D016171
2153,24653743,C042288,D016757
2154,24658375,D014212,D009220
2155,24659727,D003520,D009503
2156,24659727,D008130,D009503
2157,24664478,C104457,D010523
2158,24665854,D014635,D003244
2159,24665854,D014635,D022124
2160,24671324,D003907,D019115
2161,24671324,C400082,D019115
2162,24675088,D004317,D005355
2163,24675088,D004317,D009202
2164,24675088,D004317,D018487
2165,24684312,D002211,D006930
2166,24691439,D003907,D005901
2167,24691439,D003907,D009410
2168,24691439,D003907,D009798
2169,24709919,D009020,D006930
2170,24717468,D015742,D001919
2171,24717468,D020927,D007022
2172,24717468,D020927,D001919
2173,24717468,D015742,D007022
2174,24727461,D004317,D006331
2175,24729111,D000638,D007037
2176,24729111,D000638,D001919
2177,24729111,D000638,D007035
2178,24729111,D000638,D012131
2179,24729111,D000638,D003128
2180,24733133,D006493,D013921
2181,24733133,D006493,D011655
2182,24733133,D006493,D020246
2183,24739405,D001058,D012559
2184,24739405,D000661,D012559
2185,24739405,D006220,D002375
2186,24739405,D006220,D012559
2187,24742750,D015283,D016171
2188,24742750,D016593,D016171
2189,24753331,C106487,D005317
2190,24753331,C083440,D005317
2191,24753331,C083440,D064793
2192,24753331,C083440,D020964
2193,24753331,C106487,D020964
2194,24753331,C106487,D064793
2195,24753331,C083440,D006345
2196,24753331,C106487,D006345
2197,24778426,D002945,D058186
2198,24802403,D010433,D008569
2199,24802403,D010433,D007859
2200,24802403,D010433,D003072
2201,24802403,D010433,D012640
2202,24812279,D004317,D006333
2203,24816962,D008795,D001927
2204,24840785,D000157,D011041
2205,24840785,D000157,D066126
2206,24840785,D000157,D001145
2207,24842192,D007545,D009203
2208,24842192,D007545,D018487
2209,24881749,D013747,D009459
2210,24881749,D063325,D009459
2211,24894748,D008790,D001919
2212,24894748,C041359,D001919
2213,24897009,D004977,D011115
2214,24897009,D004977,D014786
2215,24897009,D004977,D009901
2216,24897009,D004977,D010292
2217,24902786,D013311,D008569
2218,24902786,D005485,D008569
2219,24902786,C067431,D008569
2220,24902786,D013629,D008569
2221,24911645,D010862,D012640
2222,24911645,D010862,D013226
2223,24923469,D014031,D058186
2224,24923469,D014640,D058186
2225,24923469,D005839,D058186
2226,24927617,C486464,D012206
2227,24927617,D019821,D012206
2228,24927617,D019821,D009135
2229,24928523,D003907,D010523
2230,24928523,D013792,D010523
2231,24928523,C400082,D009503
2232,24928523,D013792,D013921
2233,24928523,C400082,D013921
2234,24928523,D013792,D009503
2235,24928523,C400082,D010523
2236,24928523,D003907,D013921
2237,24928523,D003907,D009503
2238,24971338,D016572,D007674
2239,24971338,D020123,D011507
2240,24975837,D002945,D007683
2241,24975837,D002945,D058186
2242,24975837,D002945,D015431
2243,24999722,D005446,D009798
2244,24999722,D005446,D002386
2245,25006369,D013390,D005207
2246,25006369,D013390,D063806
2247,25006961,D008094,D011141
2248,25006961,D008094,D018500
2249,25031906,D017311,D004408
2250,25041770,D017291,D012206
2251,25041770,D019821,D012206
2252,25054547,C049430,D001049
2253,25054547,D013390,D001049
2254,25054547,C049430,C537417
2255,25054547,D013390,C537417
2256,25071004,C039726,D000743
2257,25080425,D007545,D017202
2258,25080425,D007545,D020257
2259,25084821,C069541,D009503
2260,25084821,C069541,D007970
2261,25084821,C069541,D005334
2262,25096313,D013256,D010292
2263,25119790,C030272,D011507
2264,25119790,C030272,D009336
2265,25119790,C030272,D007674
2266,25907210,D003976,D008175
2267,25951420,D052638,D010300
2268,25951420,D010126,D010300
2269,25986755,D002110,D007674
2270,25986755,D002110,D005355
2271,25986755,D002110,D005317
2272,26002693,C031763,D010677
2273,26033014,C051786,D008224
2274,26033014,C051786,D008113
2275,26115410,D001152,D009369
2276,44072,D002725,D001145
2277,44072,C024986,D001145
2278,44072,D000157,D001145
2279,44072,D004837,D001145
2280,44072,D010042,D001145
2281,753803,D008696,D009136
2282,753803,D014810,D009136
2283,920167,D014859,D006470
2284,920167,D014859,D008171
2285,920167,D014859,D002543
2286,920167,D014859,D002806
2287,1451544,D017275,D006261
2288,1451544,D017275,D004244
2289,1451544,D017275,D005483
2290,2782734,D000420,D014202
2291,2983630,D002110,D014202
2292,2983630,D002110,D009325
2293,2983630,D002110,D001008
2294,3711722,D004317,D006333
2295,3711722,D003035,D009202
2296,6728873,D002110,D012640
2297,7248895,D003520,D006417
2298,7248895,D003520,D002277
2299,7248895,D003520,D001749
2300,9578276,C020731,D018457
2301,9578276,C020731,D014839
2302,9578276,C020731,D006473
2303,9578276,C020731,D015746
2304,9578276,C020731,D006973
2305,9578276,C020731,D007022
2306,11423811,D003042,D002637
2307,12678199,D000638,D016171
2308,15696449,D008558,D058186
2309,17554526,D003042,D001925
2310,17721298,D016578,D003320
2311,18341442,C026098,D053609
2312,19681452,D003932,D020520
2313,19681452,D003042,D002545
2314,19681452,D000431,D002544
2315,19681452,D000431,D020521
2316,20009434,D008727,D058186
2317,20431083,D014859,D002543
2318,20595935,D018967,D006966
2319,35781,D003000,D002375
2320,35781,D005283,D002375
2321,35781,D009278,D002375
2322,35781,D003061,D002375
2323,35781,C009695,D002375
2324,35781,D009020,D002375
2325,48835,D011433,D006973
2326,89511,D004967,D006965
2327,146391,D010672,D003875
2328,146391,D010672,D008206
2329,146391,D010672,D012010
2330,256433,D014031,D053099
2331,256433,D002228,D053099
2332,448423,D015119,D013345
2333,448423,D015119,D007674
2334,448423,D015119,D013927
2335,448423,D015119,D020767
2336,448423,D015119,D006973
2337,573555,D011433,D005317
2338,611664,D011433,D006973
2339,612112,D005045,D009207
2340,612112,D005045,D010146
2341,689020,D005280,D014202
2342,689020,D012312,D014202
2343,733189,C000873,D015356
2344,816141,D002512,D000743
2345,851038,D007980,D007008
2346,891494,D010672,D001927
2347,895432,D007545,D009203
2348,931801,D000617,D058186
2349,931801,D007612,D058186
2350,946593,D008727,D010264
2351,978847,D002217,D013610
2352,978847,D002217,D006973
2353,978847,D003891,D006973
2354,1117341,D015119,D006943
2355,1158089,D013752,D005234
2356,1280054,D014750,D007049
2357,1280054,D014750,D001927
2358,1280707,D002045,D001145
2359,1280707,D004958,D001145
2360,1280707,D011374,D001145
2361,1289188,D003676,D051437
2362,1359137,D001971,D011618
2363,1359137,D014150,D000568
2364,1359137,D014150,D009839
2365,1359137,D014150,D006966
2366,1360900,D004976,D012640
2367,1361574,D007538,D012640
2368,1395192,D001971,D009203
2369,1420650,D008094,D020820
2370,1420650,D003024,D020820
2371,1423336,D007980,D007022
2372,1424076,D014750,D007177
2373,1449452,D004077,D001145
2374,1522360,D012293,D058186
2375,1522360,D012293,D006461
2376,1556529,D015215,D056486
2377,1563460,D014859,D020758
2378,1564030,D005473,D001714
2379,1615846,D015248,D009220
2380,1615846,D008148,D009220
2381,1655018,D000305,D010382
2382,1655018,D000728,D010382
2383,1655018,D000305,D006528
2384,1655018,D000728,D006528
2385,1735570,D014294,D007022
2386,1735570,D014294,D013610
2387,1756784,D010862,D001930
2388,1756784,D010862,D013226
2389,1756784,D010862,D001480
2390,1760851,D004317,D066126
2391,1779253,D002211,D010146
2392,1779253,D002211,D008413
2393,1837756,D005473,D010259
2394,1837756,D000639,D010259
2395,1858969,D004049,D004660
2396,1905439,D016595,D003693
2397,1943082,D019803,D015427
2398,2021990,D002927,D007022
2399,2083961,D012293,D058186
2400,2131034,D003561,D011115
2401,2131034,D008727,D011115
2402,2131034,D013852,D011115
2403,2131034,D003561,D020258
2404,2131034,D008727,D020258
2405,2131034,D013852,D020258
2406,2173761,D019806,D007022
2407,2173761,D020110,D013610
2408,2173761,D019806,D013610
2409,2173761,D020110,D007022
2410,2217015,D008528,D009503
2411,2217015,D008528,D051437
2412,2239937,D002119,D006934
2413,2320485,D008750,D000743
2414,2358093,D003613,D015430
2415,2358093,D003613,D009120
2416,2358093,D003613,D008599
2417,2383364,C048279,D010146
2418,2400986,D002066,D012640
2419,2429800,D014403,D007022
2420,2453942,D001556,D012640
2421,2484903,D011441,D008180
2422,2484903,D008713,D047508
2423,2484903,D011441,D056486
2424,2553470,D010862,D013226
2425,2553470,D008094,D013226
2426,2614930,D009543,D013610
2427,2614930,D009543,D001919
2428,2625524,D003042,D012640
2429,2625524,D000661,D012640
2430,2650911,D004054,D002292
2431,2710809,D001712,D001919
2432,2710809,D001712,D003680
2433,2710809,D001712,D004401
2434,2718706,D004737,D007022
2435,2718706,D007530,D007022
2436,2718706,D006221,D007022
2437,2718706,D007741,D007022
2438,2765447,D019793,D004830
2439,2767010,D010042,D017180
2440,2767010,D013327,D001145
2441,2818777,D010672,D017093
2442,2818777,D010672,D004342
2443,2884595,D010567,D001927
2444,2904523,D004837,D006973
2445,2907577,D005839,D058186
2446,2931989,D015474,D014786
2447,2931989,D015474,D003318
2448,2931989,D015474,D010211
2449,2931989,D015474,D003231
2450,2931989,D015474,D011559
2451,2931989,D015474,D014985
2452,2931989,D015474,D010787
2453,2933998,D017265,D014202
2454,2974281,D007545,D006332
2455,3074291,D013806,D014202
2456,3074291,D013806,D009325
2457,3074291,D013806,D014839
2458,3083835,D010406,D000707
2459,3084231,D014635,D003704
2460,3084231,D014635,D022124
2461,3088653,D012601,D000647
2462,3109094,D003520,D001745
2463,3125850,D013390,D005207
2464,3155884,D007545,D005355
2465,3155884,D013311,D003920
2466,3191389,D010653,D012640
2467,3191389,D012980,D012640
2468,3191389,D010862,D012640
2469,3191389,D010862,D013226
2470,3289726,D005047,D003221
2471,3289726,D005047,D012640
2472,3289726,D005047,D010211
2473,3297909,D013827,D056486
2474,3297909,D013827,D002779
2475,3323259,D002121,D000855
2476,3323259,D002121,D004244
2477,3323259,D002121,D004487
2478,3323259,D002121,D006261
2479,3323259,D002121,D009325
2480,3323259,D002121,D005483
2481,3323599,D011692,D005923
2482,3323599,D011692,D009404
2483,3323599,D011692,D007676
2484,3339945,D000628,D012640
2485,3375885,D008528,D007674
2486,3375885,D007213,D006947
2487,3375885,D009288,D006994
2488,3375885,D009288,D006947
2489,3375885,D007213,D006994
2490,3383127,D005472,D007022
2491,3383127,D005472,D018487
2492,3383127,D002945,D007022
2493,3383127,D002945,D018487
2494,3409843,D002220,D000741
2495,3423103,D003000,D007022
2496,3423103,D003000,D001919
2497,3439580,D007099,D006973
2498,3475563,D001507,D002180
2499,3475563,D001507,D006685
2500,3533179,D003520,D006333
2501,3538855,D000617,D007674
2502,3685052,D005481,D007035
2503,3708328,D010862,D012640
2504,3746148,D004176,D017202
2505,3798047,D008775,D001919
2506,3812624,D002220,D015835
2507,3831029,D010424,D006333
2508,3832950,D002998,D006970
2509,3832950,D002998,D001259
2510,3833372,D013999,D005221
2511,3833372,D013999,D004244
2512,3833372,D006852,D005221
2513,3833372,D006852,D004244
2514,3833372,D006852,D018908
2515,3833372,D013999,D018908
2516,3864191,D001241,D007674
2517,3895875,D008012,D007022
2518,3925479,D010862,D002375
2519,3925479,D006220,D002375
2520,3975902,C024986,D009202
2521,3975902,C024986,D006973
2522,3987172,D010665,D006973
2523,3990093,D011692,D011507
2524,4010471,D009538,D012640
2525,4082192,C026729,D007683
2526,4082192,D000082,D007683
2527,4082466,D009020,D012640
2528,4631913,D014750,D018805
2529,4631913,D014750,D007970
2530,4631913,D014750,D011552
2531,6106951,D005479,D012640
2532,6106951,D010433,D012640
2533,6299641,D007545,D013610
2534,6305660,D004966,D059373
2535,6305660,D017258,D059373
2536,6310832,D016572,D007239
2537,6310832,D001379,D007239
2538,6316193,D010852,D012640
2539,6321816,D003900,D006973
2540,6321816,D008094,D003919
2541,6453500,D004221,D056486
2542,6517710,D011796,D006332
2543,6517710,D011796,D003328
2544,6529939,D011433,D012848
2545,6529939,D011433,D001146
2546,6585590,D004317,D006876
2547,6585590,D004317,D001201
2548,6585590,D004317,D000419
2549,6615679,D013999,D007022
2550,6615679,D010862,D001919
2551,6615679,D010862,D007022
2552,6615679,D013999,D001919
2553,6627074,D013390,D001049
2554,6631522,D004317,D066126
2555,6673474,D014294,D007022
2556,6673474,D009599,D007022
2557,6687006,D003913,D006948
2558,6695685,D014700,D001145
2559,6806735,C034868,D000740
2560,6806735,C034868,D007674
2561,6806735,C034868,D005767
2562,6884395,D003276,D000784
2563,6893265,D011441,D006521
2564,6893265,D011441,D056486
2565,6985297,D015764,D001919
2566,6985498,D008733,D000141
2567,6985498,D008733,D056486
2568,7018927,D006220,D006966
2569,7121659,D012293,D006461
2570,7121659,D012293,D013921
2571,7121659,D012293,D007683
2572,7147232,D009599,D007022
2573,7147232,D000255,D007022
2574,7173007,C006753,D015746
2575,7173007,C025504,D004244
2576,7173007,C025504,D009325
2577,7176945,D013390,D005207
2578,7176945,D013390,D010146
2579,7315949,D009638,D013035
2580,7369302,D011803,D015845
2581,7369302,D011803,D000550
2582,7369302,D011803,D001766
2583,7378868,D013390,D014313
2584,7378868,D013390,D001049
2585,7378868,D013390,D063806
2586,7411769,D007213,D006947
2587,7411769,D007213,D051437
2588,7457821,D005045,D009325
2589,7457821,D005045,D014839
2590,7457821,D005045,D010146
2591,7457821,D005045,D012140
2592,7457821,D005045,D011605
2593,7477981,D001058,D004409
2594,7477981,D005473,D004409
2595,7479194,D014295,D008107
2596,7479194,D015662,D008107
2597,7479194,D002506,D008107
2598,7479194,D002506,D013262
2599,7479194,D015662,D013262
2600,7492040,D003042,D009203
2601,7644931,D017239,D012678
2602,7644931,D017239,D006402
2603,7644931,D017239,D018771
2604,7661171,D007213,D007674
2605,7671401,D000806,D000799
2606,7727612,D008140,D009207
2607,7739955,D002220,D004802
2608,7739955,D002220,D009205
2609,7931490,D002945,D014839
2610,7931490,D017829,D006261
2611,7931490,D002945,D009325
2612,7949506,D014700,D007022
2613,7949506,D014700,D054537
2614,7949506,D003000,D054537
2615,7949506,D003000,D007022
2616,7967231,D010852,D012640
2617,7967231,D010433,D012640
2618,7967231,D001534,D012640
2619,8096565,D018170,D009203
2620,8135424,D003975,D012640
2621,8135424,D005442,D012640
2622,8135424,D003042,D012640
2623,8160791,D005839,D007674
2624,8184922,D007545,D006332
2625,8188982,D010656,D006973
2626,8188982,D009599,D007022
2627,8188982,D001127,D006973
2628,8308951,D014859,D002543
2629,8312343,D004317,D009202
2630,8312983,D005473,D006948
2631,8312983,D005473,D003693
2632,8318674,D003561,D003967
2633,8318674,D003561,D005334
2634,8318674,D003561,D011654
2635,8318674,D003561,D058186
2636,8318674,D003561,D015430
2637,8318674,D003561,D012769
2638,8318674,D003561,D007964
2639,8318674,D003561,D000138
2640,8392553,D004837,D009202
2641,8511251,D003042,D017202
2642,8511251,D003042,D003329
2643,8603459,D004317,D066126
2644,8659767,D004837,D017180
2645,8667442,D002117,D051437
2646,8667442,D013392,D010437
2647,8667442,D002118,D000471
2648,8667442,D000468,D051437
2649,8667442,D000468,D000471
2650,8667442,D002119,D000471
2651,8667442,D009853,D010437
2652,8667442,D002117,D006934
2653,8667442,D000468,D006934
2654,8667442,D002117,D000471
2655,8667442,D002118,D006934
2656,8667442,D002119,D006934
2657,8667442,D002119,D051437
2658,8667442,D002118,D051437
2659,8748050,D000639,D001927
2660,8755612,D004054,D010911
2661,8808730,D003520,D003556
2662,8819482,D007545,D017202
2663,8825380,D011692,D007674
2664,8829135,D012601,D007859
2665,8829135,D001058,D000647
2666,8957205,D002245,D006935
2667,8985298,D006514,D006509
2668,8996419,D003276,D054556
2669,9061777,D010862,D009410
2670,9061777,D010862,D013226
2671,9061777,D010862,D012640
2672,9061777,D016291,D012640
2673,9071336,D002955,D009503
2674,9071336,D017239,D009503
2675,9071336,D005472,D009503
2676,9125676,D013015,D016171
2677,9128918,D006220,D006966
2678,9132810,D008727,D003711
2679,9132810,D008727,D056784
2680,9132810,D008727,D009336
2681,9158667,D014212,D013927
2682,9158667,D014212,D058186
2683,9197951,D004053,D001714
2684,9272404,D007052,D010146
2685,9323412,D017294,D003865
2686,9382023,D004280,D006973
2687,9428298,D000420,D001145
2688,9538487,D008094,D011141
2689,9538487,D008094,D018500
2690,9538487,D008094,D006944
2691,9570197,D003042,D018487
2692,9646784,D006493,D000505
2693,9646784,D006493,D010024
2694,9646784,D006493,D013923
2695,9646784,D006493,D013921
2696,9646784,D006493,D004342
2697,9646784,D006493,D004802
2698,9646784,D006493,D012871
2699,9725303,D019469,D014514
2700,9759693,D018170,D017091
2701,9782254,D007980,D004409
2702,9831002,D008774,D009459
2703,9869655,D004997,D002780
2704,9881641,D000109,D007022
2705,9881641,D019806,D007022
2706,9881641,C040442,D007022
2707,9889429,D016572,D005885
2708,9889429,D016572,D006973
2709,9889429,D009543,D005885
2710,10087562,D004280,D016171
2711,10219427,D003287,D010146
2712,10219427,D003287,D003875
2713,10219427,D003287,D004417
2714,10219427,D003287,D014474
2715,10327032,D005472,D022124
2716,10327032,D005472,D001927
2717,10390729,D009020,D006948
2718,10401555,D012601,D008569
2719,10401555,D012601,D007859
2720,10427794,C065757,D004342
2721,10427794,C065757,D056486
2722,10462057,D017330,D000741
2723,10462057,D001554,D000741
2724,10510854,D006220,D002375
2725,10672628,D006220,D002375
2726,10677406,D004280,D018487
2727,10677406,D004280,D017682
2728,10713017,D005277,D006976
2729,10726030,D006493,D012871
2730,10726030,D006493,D004342
2731,10726030,D006493,D013921
2732,10726030,D006493,D006947
2733,10726030,D006493,D010024
2734,10726030,D006493,D011317
2735,10726030,D006493,D006994
2736,10726030,D006493,D004802
2737,10726030,D006493,D000505
2738,10764869,D016559,D009901
2739,10770468,D008094,D006934
2740,10933650,C059765,D007683
2741,10939760,D013411,D007669
2742,10939760,D013411,D058186
2743,10960401,D009020,D004244
2744,10960401,D009020,D009759
2745,10975596,D007545,D013610
2746,10985896,D004317,D013280
2747,10985896,D004317,D003967
2748,10985896,D004317,D060831
2749,10986547,C076029,D006970
2750,10986547,C076029,D015430
2751,11026989,D014331,D015878
2752,11105626,D015474,D004310
2753,11105626,D015474,D065817
2754,11105626,D015474,C535670
2755,11135381,D008729,D006973
2756,11135381,D008729,D006261
2757,11176729,D017706,D007674
2758,11176729,D017706,D006947
2759,11176729,D017706,D007022
2760,11229942,D000431,D017180
2761,11229942,D003042,D017180
2762,11229942,C066444,D002303
2763,11299446,C027429,D010302
2764,11366874,D019888,D001919
2765,11380496,D011441,D005334
2766,11380496,D011441,D018771
2767,11380496,D011441,D019226
2768,11385188,D003042,D003324
2769,11385188,D003042,D009202
2770,11395263,D007545,D009203
2771,11401944,D013015,D008133
2772,11401944,D013015,D016171
2773,11425091,D003042,D003560
2774,11425091,D003042,D001927
2775,11425091,D003042,D007235
2776,11439380,D013792,D010523
2777,11474137,D007612,D034381
2778,11708428,D011241,D001008
2779,11745287,D004317,D009503
2780,11745287,D004317,D003248
2781,11745287,D016190,D009503
2782,11745287,D016190,D013921
2783,11745287,D004317,D052016
2784,11745287,D016190,D014839
2785,11745287,D004317,D015431
2786,11745287,D016190,D005221
2787,11745287,D004317,D012871
2788,11745287,D004317,D000740
2789,11745287,D004317,D009325
2790,11745287,D016190,D012871
2791,11745287,D016190,D003248
2792,11745287,D004317,D005221
2793,11745287,D016190,D009325
2794,11745287,D004317,D014839
2795,11745287,D016190,D052016
2796,11745287,D016190,D015431
2797,11745287,D004317,D013921
2798,11745287,D016190,D000740
2799,11799346,D002939,D001714
2800,11799346,D015662,D001714
2801,11799346,D008795,D001714
2802,11799346,D007538,D001714
2803,11799346,D015242,D001714
2804,11799346,D000658,D001714
2805,11799346,D017291,D001714
2806,11799346,D004917,D001714
2807,11835460,D007980,D015835
2808,11915580,D005996,D006261
2809,11936424,D011692,D011507
2810,11936424,D011692,D009401
2811,11988250,D007052,D006976
2812,11988250,D007052,D000860
2813,12051122,D014750,D007177
2814,12051122,D014750,D007010
2815,12059909,D003520,D006470
2816,12059909,D003520,D003556
2817,12119460,D002955,D014839
2818,12119460,D002955,D013921
2819,12119460,D016685,D003967
2820,12119460,D002955,D013280
2821,12119460,D016685,D013921
2822,12119460,D005472,D014839
2823,12119460,D016685,D007970
2824,12119460,D016685,D006463
2825,12119460,D005472,D003967
2826,12119460,D002955,D003967
2827,12119460,D005472,D006463
2828,12119460,D005472,D013280
2829,12119460,D005472,D007970
2830,12119460,D005472,D013921
2831,12119460,D002955,D007970
2832,12119460,D016685,D014839
2833,12119460,D016685,D013280
2834,12119460,D002955,D006463
2835,12119460,D005472,D060831
2836,12119460,D002955,D060831
2837,12119460,D016685,D060831
2838,12165618,D019469,D007674
2839,12165618,D019469,D006417
2840,12359538,D003042,D009203
2841,12372954,D009530,D004802
2842,12372954,D009530,D051437
2843,12372954,D009530,D009395
2844,12372954,D009530,D005334
2845,12372954,D009530,D018771
2846,12452552,D018967,D009459
2847,12452552,D008728,D009459
2848,12487093,D004837,D006973
2849,12498738,D004317,D009202
2850,12523489,D000661,D004409
2851,12523489,D003042,D004409
2852,12523489,C057837,D004409
2853,12535818,D000638,D001919
2854,12559315,D007213,D008415
2855,12559315,D007213,D018856
2856,12644816,D013792,D004244
2857,12644816,D013792,D003248
2858,12644816,D013792,D005076
2859,12644816,D013792,D006970
2860,12644816,D013792,D010523
2861,12677626,C476513,D004830
2862,12699527,D013390,D013035
2863,12752472,D010862,D004827
2864,12828076,D000082,D017114
2865,12865514,D007980,D004409
2866,12912689,D016190,D015835
2867,12912689,D016190,D005355
2868,12948256,D004977,D009901
2869,12950111,D006024,D006261
2870,12950111,D006024,D010612
2871,14616590,D015742,D013924
2872,14616590,D015742,D010146
2873,14748761,C030852,D066126
2874,15018178,D015662,D000743
2875,15094729,D020888,D014786
2876,15096374,D016559,D012393
2877,15229250,D008694,D008569
2878,15229250,D008694,D001930
2879,15265979,D000638,D006529
2880,15265979,D000638,D056486
2881,15276093,C451780,D005483
2882,15282950,D007545,D009336
2883,15282950,D007545,D009202
2884,15321332,D004329,D001008
2885,15366550,D008094,D018500
2886,15482540,D012254,D000743
2887,15482540,D016898,D000743
2888,15605432,D004317,D028361
2889,15609701,D013015,D003329
2890,15614572,D001058,D002375
2891,15614572,D006220,D002375
2892,15625689,D007980,D004409
2893,15627798,D005839,D009395
2894,15630069,C076029,D007333
2895,15630069,D003024,D007333
2896,15815446,D010656,D006973
2897,15817013,D014859,D006470
2898,15859361,C105934,D000799
2899,15859361,D000082,D003875
2900,15859361,C012655,D003875
2901,15882284,D001241,D007676
2902,15953230,C012052,D008133
2903,15953230,C012052,D006996
2904,15987266,D010862,D013226
2905,15991002,D010433,D001008
2906,15991002,D002110,D001008
2907,16034922,D011374,D005705
2908,16034922,D004967,D003704
2909,16034922,D004967,D054556
2910,16034922,D004967,D002318
2911,16034922,D004967,D005705
2912,16034922,D011374,D054556
2913,16034922,D004967,D020521
2914,16034922,D011374,D002318
2915,16034922,D011374,D001943
2916,16034922,D011374,D020521
2917,16034922,D011374,D003704
2918,16034922,D004967,D001943
2919,16083708,D019980,D056486
2920,16083708,D019980,D007565
2921,16092435,D004317,D009202
2922,16112787,D014640,D007674
2923,16309808,C035133,D012148
2924,16323982,D017373,D050171
2925,16323982,D017373,D003324
2926,16369751,D005472,D002637
2927,16369751,D005472,D002037
2928,16565833,D004317,D009202
2929,16723784,D015764,D008133
2930,16723784,D015764,D016171
2931,16723784,D015764,D001919
2932,16723784,D015764,D004244
2933,16723784,D015764,D005221
2934,16723784,D011188,D016171
2935,16731636,D007545,D006332
2936,16801510,D008691,D008133
2937,16810074,D009569,D006973
2938,16867246,D002746,D001480
2939,16876986,D010862,D012640
2940,16876986,D010862,D013226
2941,16880771,D010479,D007859
2942,16906379,D008911,D010488
2943,16911931,D006513,D006509
2944,16920333,D010852,D012640
2945,17028363,D004008,D058186
2946,17028363,D004365,D058186
2947,17035713,D007069,D007674
2948,17042797,D010862,D004833
2949,17042797,D010862,D013226
2950,17069550,D005702,D006261
2951,17151160,D018967,D001480
2952,17151160,C076029,D015430
2953,17151160,C076029,D001480
2954,17151160,D018967,D015430
2955,17159032,D006886,D014786
2956,17223814,D003520,D054537
2957,17223814,D017239,D054537
2958,17223814,D015251,D054537
2959,17255138,D009288,D009203
2960,17255138,D000894,D006471
2961,17255138,C116926,D006471
2962,17255138,D009288,D006471
2963,17255138,D052246,D009203
2964,17255138,C116926,D009203
2965,17255138,D000894,D009203
2966,17297207,D011803,D018879
2967,17346443,D010396,D017512
2968,17351238,D010100,D007022
2969,17351238,D005996,D007022
2970,17356399,D003561,D020301
2971,17356399,D014750,D020301
2972,17356399,D014750,D018908
2973,17356399,D003907,D018908
2974,17356399,D003561,D001037
2975,17356399,C042705,D006212
2976,17356399,D003561,D006212
2977,17356399,D003907,D001037
2978,17356399,D003561,D014549
2979,17356399,C042705,D018908
2980,17356399,C042705,D014549
2981,17356399,D003907,D014549
2982,17356399,D014750,D001037
2983,17356399,D014750,D006212
2984,17356399,D003907,D006212
2985,17356399,D014750,D014549
2986,17356399,D003561,D018908
2987,17356399,C042705,D001037
2988,17356399,C042705,D020301
2989,17356399,D003907,D020301
2990,17379047,D006852,D007008
2991,17384765,D004113,D003072
2992,17384765,D007854,D007859
2993,17384765,D007854,D019958
2994,17445520,D002110,D016584
2995,17484470,D011433,D006333
2996,17496739,C085143,D003221
2997,17496739,C085143,D004830
2998,17496739,C085143,D014202
2999,17543491,D011318,D014826
3000,17572393,D002330,D054220
3001,17828434,D010862,D012640
3002,17879100,D007052,D058186
3003,17879100,D007052,D009395
3004,17879217,D012293,D058186
3005,17879217,D012293,D005921
3006,17954033,D006513,D019694
3007,18025637,D005473,D012170
3008,18025637,D005473,D006973
3009,18165598,D002045,D007249
3010,18165598,D002045,D010149
3011,18189308,D003520,D003556
3012,18340638,D001379,D000740
3013,18399341,D002045,D007022
3014,18422462,D018119,D010523
3015,18422462,D019829,D005076
3016,18450790,D013792,D009120
3017,18450790,D013792,D010523
3018,18450790,D013792,D010292
3019,18801087,D000638,D055370
3020,18801087,D000638,D015433
3021,18801087,D000638,D006486
3022,18945509,D005905,D003324
3023,18987260,D004317,D014511
3024,18987260,D004317,D005923
3025,18987260,D004317,D011507
3026,19020118,D014148,D051437
3027,19020118,D014148,D012640
3028,19108278,D006221,D001145
3029,19108278,D010042,D017180
3030,19108278,D004837,D001145
3031,19139825,D019772,D009503
3032,19139825,D019772,D008231
3033,19154241,D008094,D006961
3034,19154241,D008094,D006934
3035,19178808,D015742,D007022
3036,19178808,C071741,D007022
3037,19184102,D014635,D009765
3038,19184102,D014635,D006946
3039,19184102,D014635,D065626
3040,19184102,D014635,D007333
3041,19263707,D013956,D010309
3042,19263707,D013956,D056648
3043,19263707,D013956,D001168
3044,19263707,D002231,D010309
3045,19263707,D002231,D005334
3046,19263707,D013956,D005334
3047,19263707,D002231,D001168
3048,19263707,D002231,D056648
3049,19293073,D001241,D020521
3050,19293073,D001241,D020300
3051,19293073,D001241,D006471
3052,19338378,C031942,D006470
3053,19392810,D003932,D012206
3054,19392810,D008691,D012206
3055,19392810,D003932,D020521
3056,19392810,D008691,D020521
3057,19419794,D007980,D004409
3058,19447152,D010042,D001714
3059,19515070,D000082,D017114
3060,19515070,D000082,D058186
3061,19531695,D005424,D003693
3062,19531695,D017374,D003693
3063,19549709,C107135,D013921
3064,19549709,C107135,D013280
3065,19549709,C107135,D000740
3066,19549709,C107135,D005221
3067,19549709,C107135,D004417
3068,19553912,D020123,D000740
3069,19655282,D003042,D002637
3070,19655282,D003042,D017202
3071,19715529,D016559,D054038
3072,19728177,D000082,D017114
3073,19728177,D000082,D019586
3074,19728177,D000082,D001929
3075,19815465,D020888,D014786
3076,19815465,D020888,D012164
3077,19841052,D016578,D006679
3078,19914299,D005472,D008569
3079,19920070,D010634,D006529
3080,19967075,D005839,D007674
3081,20024739,D000431,D003866
3082,20034406,D010862,D013226
3083,20046642,D002330,D008569
3084,20046642,D002330,D007859
3085,20046642,D002330,D003072
3086,20129423,D002220,D012770
3087,20129423,D002220,D009205
3088,20129423,D002220,D004802
3089,20129423,D002220,D004342
3090,20169779,D007980,D004409
3091,20169779,D015632,D020734
3092,20192893,D003287,D007674
3093,20408947,D000082,D056486
3094,20408947,D000082,D017114
3095,20447294,D013311,D003929
3096,20447294,D013311,D006930
3097,20447294,D002351,D007249
3098,20447294,D002351,D006930
3099,20495512,D006493,D013921
3100,20495512,D006493,D013927
3101,20513036,C542870,D014826
3102,20566328,D003042,D006331
3103,20589632,D014295,D000743
3104,20682692,D013311,D003928
3105,20828385,C401859,D009336
3106,20859899,D011188,D001919
3107,20859899,D013148,D006947
3108,20859899,D017257,D006947
3109,20927253,D019386,D010146
3110,20959502,D009254,D009395
3111,21195121,D001556,D012640
3112,24055495,D005947,D000544
3113,24055495,D013311,D000544
3114,24055495,D013311,D003072
3115,24055495,D005690,D003072
